,title,genres,original_language,production_companies,budget,revenue,duration,status,release_year,rotten_score,audience_score,imdb_rater_count,imdb_score,watch_score
0,Black Widow,Action-Adventure-Science Fiction,en,Marvel Studios,200000000,379751655,134,Released,2021,79,91,390922.0,6.7,6
1,Cruella,Comedy-Crime,en,Walt Disney Pictures-Marc Platt Productions-Gunn Films,200000000,233503234,134,Released,2021,75,97,241275.0,7.3,7
2,Jungle Cruise,Action-Adventure-Fantasy,en,Walt Disney Pictures-Davis Entertainment-TSG Entertainment-Flynn Picture Company-Zaftig Films-Seven Bucks Productions,200000000,220889446,127,Released,2021,62,92,197047.0,6.6,5
3,Mulan,Adventure-Fantasy-Drama-Action,en,Walt Disney Pictures-China Film Group Corporation-Jason T. Reed Productions-Good Fear,200000000,66800000,115,Released,2020,86,85,151262.0,5.7,5
4,Wonder Woman 1984,Action-Adventure-Fantasy,en,Warner Bros. Pictures-Atlas Entertainment-The Stone Quarry-DC Films,200000000,165160005,151,Released,2020,58,73,275440.0,5.4,2
5,Dark Phoenix,Science Fiction-Action-Adventure,en,20th Century Fox-The Donners' Company-Genre Films-Hutch Parker Entertainment,200000000,252442974,114,Released,2019,22,64,192384.0,5.7,1
6,Maleficent: Mistress of Evil,Family-Fantasy-Adventure-Action,en,Walt Disney Pictures-Roth Films,185000000,491730089,119,Released,2019,39,95,109303.0,6.6,5
7,Toy Story 4,Family-Adventure-Animation-Comedy-Fantasy,en,Walt Disney Pictures-Pixar,175000000,1073394593,100,Released,2019,97,94,258439.0,7.7,9
8,Bumblebee,Action-Adventure-Science Fiction,en,Paramount-Di Bonaventura Pictures-Bay Films-Tom DeSanto/Don Murphy Production-Allspark Pictures,135000000,467989645,113,Released,2018,91,74,171355.0,6.7,6
9,The Nutcracker and the Four Realms,Fantasy-Adventure-Family,en,Walt Disney Pictures-The Mark Gordon Company-Entertainment One,120000000,59522646,99,Released,2018,32,34,35170.0,5.6,0
10,Wonder Park,Comedy-Animation-Adventure-Family-Fantasy,en,Paramount-Nickelodeon Movies-Ilion Animation Studios-Paramount Animation,100000000,119559110,86,Released,2019,34,44,12222.0,5.8,0
11,Tomb Raider,Action-Adventure-Fantasy,en,Metro-Goldwyn-Mayer-Warner Bros. Pictures-GK Films-SQUARE ENIX,94000000,274650803,118,Released,2018,53,55,218313.0,6.3,1
12,Ghostbusters: Afterlife,Fantasy-Comedy-Adventure,en,Columbia Pictures-The Montecito Picture Company-Bron Studios-Ghost Corps,75000000,191000000,124,Released,2021,63,94,189388.0,7.1,6
13,House of Gucci,Drama-Crime-History,en,Metro-Goldwyn-Mayer-Scott Free Productions-Bron Studios,75000000,153235995,158,Released,2021,62,83,143005.0,6.6,5
14,Birds of Prey (and the Fantabulous Emancipation of One Harley Quinn),Action-Crime,en,Warner Bros. Pictures-LuckyChap Entertainment-Clubhouse Pictures-Kroll & Co Entertainment-DC Films,75000000,201858461,109,Released,2020,78,78,246181.0,6.0,5
15,Playmobil: The Movie,Family-Animation-Comedy-Adventure,en,Lionsgate-Canadian Film or Video Production Tax Credit (CPTC)-SODEC-DMG Entertainment-STX Entertainment-ON Animation Studios-Morgen Studios,75000000,0,99,Released,2019,18,62,4321.0,4.9,1
16,Mamma Mia! Here We Go Again,Comedy-Romance,en,Playtone-Littlestar,75000000,395044706,113,Released,2018,79,66,99145.0,6.6,4
17,The Lost City,Action-Adventure-Comedy,en,Paramount-Fortis Films-Exhibit A Film-3dot Productions,74000000,190844029,112,Released,2022,79,83,130683.0,6.1,5
18,Red Sparrow,Mystery-Thriller,en,20th Century Fox-Chernin Entertainment-Film Rites-Soundtrack New York,69000000,151572634,140,Released,2018,45,49,191609.0,6.6,1
19,Prey,Thriller-Action-Science Fiction,en,20th Century Studios,65000000,0,100,Released,2022,93,73,202822.0,7.1,7
20,Clifford the Big Red Dog,Family-Adventure-Comedy-Fantasy,en,Paramount-Kerner Entertainment Company-Entertainment One-Walden Media-Scholastic Entertainment-New Republic Pictures,64000000,67000000,97,Released,2021,58,94,14511.0,5.9,4
21,Three Thousand Years of Longing,Fantasy-Drama-Romance,en,Metro-Goldwyn-Mayer-Kennedy Miller Productions-FilmNation Entertainment-CAA Media Finance-Elevate Production Finance-Sunac Pictures,60000000,19145392,108,Released,2022,71,73,41404.0,6.7,5
22,The Kid Who Would Be King,Action-Adventure-Fantasy-Family,en,20th Century Fox-Big Talk Productions-Working Title Films-TSG Entertainment,59000000,32140970,120,Released,2019,90,55,17583.0,6.1,5
23,Fifty Shades Freed,Drama-Romance,en,Universal Pictures-Perfect World Pictures,55000000,368307760,105,Released,2018,11,37,68296.0,4.5,0
24,The Rhythm Section,Action-Thriller,en,Ingenious Media-IM Global-Eon Productions-Babieka Films-Global Road Entertainment-Whitebeard Films,50000000,0,109,Released,2020,28,44,18992.0,5.4,0
25,Dora and the Lost City of Gold,Adventure-Comedy-Family-Fantasy,en,Paramount-Nickelodeon Movies-Walden Media-Screen Queensland-Paramount Players,49000000,119682635,102,Released,2019,85,88,32007.0,6.1,6
26,Doctor Sleep,Horror-Thriller-Fantasy,en,Vertigo Entertainment-Intrepid Pictures,45000000,72281712,152,Released,2019,78,89,199454.0,7.3,6
27,UglyDolls,Family-Animation-Music,en,Reel FX Creative Studios-STX Entertainment-Alibaba Pictures Group-Original Force Animation-Huaxia Film Distribution,45000000,32450241,87,Released,2019,29,54,7165.0,5.1,0
28,Last Night in Soho,Horror-Mystery-Thriller,en,Universal Pictures-Film4 Productions-Working Title Films-Complete Fiction,43000000,22957625,117,Released,2021,76,90,146554.0,7.0,7
29,Long Shot,Comedy-Romance,en,Lionsgate-Denver and Delilah Productions-Point Grey Pictures-Good Universe-AG Studios,40000000,0,125,Released,2019,89,83,114204.0,6.8,6
30,A Star Is Born,Music-Drama-Romance,en,Malpaso Productions-Warner Bros. Pictures-Gerber Pictures-Thunder Road-Live Nation Productions-22 & Green-Joint Effort,36000000,433888866,136,Released,2018,90,80,394006.0,7.6,8
31,The Darkest Minds,Action-Adventure-Drama,en,20th Century Fox-21 Laps Entertainment,34000000,41142379,105,Released,2018,15,72,33606.0,5.7,2
32,Unhinged,Action-Thriller,en,Ingenious Media-Altitude Film Entertainment-Solstice Productions-Burek Films,33000000,39238300,90,Released,2020,48,77,71037.0,6.0,3
33,Spirit Untamed,Animation-Adventure-Family-Western,en,Universal Pictures-DreamWorks Animation,30000000,17635215,88,Released,2021,48,95,4032.0,5.5,4
34,Gunpowder Milkshake,Action-Crime-Thriller,en,Canal+-Studio Babelsberg-Ciné+-STX Entertainment-The Picture Company-StudioCanal,30000000,1015760,114,Released,2021,60,48,46957.0,6.0,2
35,Love and Monsters,Comedy-Action-Adventure-Fantasy,en,21 Laps Entertainment,30000000,1070714,109,Released,2020,94,89,132762.0,6.9,7
36,Annabelle Comes Home,Horror-Mystery-Thriller,en,New Line Cinema-The Safran Company-Atomic Monster,30000000,231252591,106,Released,2019,64,70,78939.0,5.9,3
37,Crazy Rich Asians,Comedy-Drama-Romance,en,Warner Bros. Pictures-Color Force-Ivanhoe Pictures,30000000,238539198,121,Released,2018,91,76,178221.0,6.9,6
38,Like a Boss,Comedy,en,Paramount-Artists First,29000000,26925979,83,Released,2020,22,65,14655.0,4.7,1
39,All My Life,Romance-Drama,en,Broken Road Productions-Perfect World Pictures,25000000,2000000,93,Released,2020,57,61,5218.0,6.3,2
40,Scary Stories to Tell in the Dark,Horror-Thriller,en,Starlight International Media-CBS Films-Entertainment One-1212 Entertainment-Double Dare You Productions-Rolling Hills-Hivemind,25000000,104545505,108,Released,2019,77,72,79291.0,6.2,5
41,Mary Queen of Scots,Drama-History,en,Focus Features-Working Title Films-Perfect World Pictures,25000000,37807625,124,Released,2018,62,41,52329.0,6.3,2
42,Tall Girl 2,Comedy-Romance,en,Wonderland Sound and Vision,24393503,0,97,Released,2022,63,29,5284.0,4.7,1
43,The Hate U Give,Crime-Drama,en,Temple Hill Entertainment,23000000,34934009,133,Released,2018,97,82,37703.0,7.5,8
44,Where Is Anne Frank,Animation-Drama-Family-History,en,Samsa Film-Wild Bunch-Prima Linéa Productions-Entre Chien et Loup-Le Pacte-Walking The Dog-Bridgit Folman Film Gang-Submarine,22000000,0,99,Released,2021,80,55,1328.0,6.4,4
45,The Secret: Dare to Dream,Drama-Romance,en,Roadside Attractions-Covert Media-Robert Cort Productions-Savvy Media Holdings-Illumination Productions-Shine Box Media Group-Tri G,21000000,3215636,107,Released,2020,28,73,15236.0,6.5,3
46,Enola Holmes,Adventure-Mystery-Comedy-Crime,en,Legendary Pictures-PCMA Productions,21000000,0,123,Released,2020,91,71,201138.0,6.6,6
47,Lullaby,Horror,en,Alcon Entertainment-Envision Media Arts-Wonderfilm Media-Heroes and Villains Entertainment,20000000,0,89,Released,2022,100,74,1224.0,4.7,5
48,Dream Horse,Comedy-Drama,en,Ingenious Media-Film4 Productions-Stage 6 Films-Ffilm Cymru Wales-RAW-Topic Studios-Cornerstone Films-Bleecker Street,20000000,6435260,113,Released,2021,88,97,5970.0,6.9,7
49,Cyrano,Drama-Romance,en,Metro-Goldwyn-Mayer-Working Title Films-Bron Studios-Creative Wealth Media Finance,20000000,3000000,124,Released,2021,85,86,12793.0,6.4,6
50,Ascendant,Mystery-Science Fiction-Thriller,en,Daydream Films,20000000,318989,101,Released,2021,45,25,804.0,3.5,0
51,What Men Want,Comedy-Romance,en,Will Packer Productions-Paramount Players-BET Films,20000000,69766483,117,Released,2019,42,34,28723.0,5.3,0
52,Little,Comedy-Fantasy-Romance,en,Universal Pictures-Legendary Pictures-Will Packer Productions-Khalabo Ink Society,20000000,17399000,108,Released,2019,46,59,215174.0,7.8,2
53,"Where'd You Go, Bernadette",Comedy-Drama,en,Color Force-Annapurna Pictures,20000000,0,109,Released,2019,51,74,23094.0,6.5,3
54,On the Basis of Sex,Drama-History,en,DreamWorks Pictures-Participant-Focus Features-Robert Cort Productions,20000000,38673750,120,Released,2018,72,76,35817.0,7.1,5
55,Anon,Science Fiction,en,K5 International-K5 Film-Sierra/Affinity-Scythia Films-Road Pictures,20000000,0,100,Released,2018,36,34,46097.0,6.1,1
56,A Simple Favor,Crime-Thriller-Mystery-Comedy,en,Bron Studios-Feigco Entertainment,20000000,97644617,117,Released,2018,84,73,153232.0,6.8,5
57,Acrimony,Thriller,en,Tyler Perry Studios,20000000,34764055,120,Released,2018,18,57,9378.0,5.8,0
58,Nobody's Fool,Comedy-Romance,en,Tyler Perry Studios-Paramount Players-BET Films,19000000,29152618,110,Released,2018,25,36,21481.0,7.3,2
59,Spencer,Drama,en,Komplizen Film-FilmNation Entertainment-Fabula-Shoebox Films-Fabula,18000000,14000000,117,Released,2021,83,52,71215.0,6.6,4
60,A Dog's Way Home,Drama-Adventure-Family,en,Columbia Pictures-Pariah-Bona Film Group,18000000,17643857,96,Released,2019,59,71,18856.0,6.7,3
61,Music,Music-Drama,en,HanWay Films-Atlantic Films-Vertical Entertainment-Pineapple Lasagne Productions-Landay Entertainment,16000000,645949,107,Released,2021,7,14,8393.0,3.2,2
62,The Empty Man,Horror-Mystery-Thriller,en,Out of Africa Entertainment-BOOM! Studios-20th Century Studios,16000000,4176641,137,Released,2020,74,39,32354.0,6.2,3
63,The Photograph,Drama-Romance,en,Universal Pictures-Will Packer Productions,16000000,20690779,106,Released,2020,75,81,5823.0,6.1,5
64,I Kill Giants,Fantasy-Drama,en,1492 Pictures-Parallel Films-XYZ Films-uMedia-uFund-Ocean Blue Entertainment-Man of Action Entertainment-Having Me Films-Adonis Production,15100000,0,106,Released,2018,77,74,32036.0,6.1,5
65,The Lady of Heaven,Action-History-Drama,en,Enlightened Kingdom,15000000,0,141,Released,2021,17,75,13957.0,5.8,2
66,Miss Bala,Action,en,Columbia Pictures-Canana-Misher Films,15000000,15200000,104,Released,2019,87,63,11904.0,5.8,4
67,After We Fell,Romance-Drama,en,Voltage Pictures-Vertical Entertainment-CalMaple Films-Wattpad-Ethea Entertainment,14000000,21500000,99,Released,2021,0,36,16331.0,4.7,0
68,The Turning,Horror-Thriller,en,DreamWorks Pictures-Universal Pictures-Amblin Entertainment-Vertigo Entertainment,14000000,18472775,94,Released,2020,86,54,15105.0,3.9,3
69,The Hunt,Action-Thriller-Horror,en,dentsu-Blumhouse Productions-White Rabbit Productions,14000000,42415898,90,Released,2020,57,66,118174.0,6.5,2
70,Crawl,Thriller-Horror-Action,en,Fire Axe Pictures-Ontario Creates-Raimi Productions-Serbia Creates Film,13500000,91542097,88,Released,2019,63,19,87356.0,6.1,2
71,Ben Is Back,Drama,en,Color Force-Black Bear Pictures-Sierra/Affinity-30WEST,13000000,12616995,103,Released,2018,82,69,22862.0,6.7,5
72,Ida Red,Crime-Thriller-Drama-Action,en,BondIt-Highland Film Group-Saban Films-Roxwell Films,12400000,0,111,Released,2021,33,28,1929.0,5.5,0
73,Wolfwalkers,Animation-Family-Adventure-Fantasy,en,Canal+-Haut et Court-Screen Ireland-RTÉ-OCS-Film Fund Luxembourg-Melusine Productions-Apple-Cartoon Saloon-Broadcasting Authority of Ireland-GKIDS-Folivari-Value&Power Culture Communications-Pôle Image Magelis,12000000,1266570,103,Released,2020,99,98,34398.0,8.0,10
74,Black and Blue,Drama-Action-Thriller,en,Screen Gems-Royal Viking Entertainment-Hidden Empire Film Group,12000000,22741061,109,Released,2019,51,93,24890.0,6.4,5
75,Ophelia,Drama-Romance-History,en,Covert Media-Bobker / Kruger Films-Forthcoming Films-Bert Marcus Film,12000000,242115,114,Released,2019,62,60,12021.0,6.5,3
76,If Beale Street Could Talk,Romance-Drama,en,Plan B Entertainment-Annapurna Pictures-PASTEL,12000000,20572691,120,Released,2018,95,71,50326.0,7.1,7
77,M3GAN,Science Fiction-Horror-Comedy,en,Universal Pictures-Blumhouse Productions-Atomic Monster-Divide / Conquer,12000000,158000000,102,Released,2022,93,78,87306.0,6.4,6
78,The Wolf and the Lion,Family-Adventure,en,Canal+-StudioCanal-Galatée Films-M6 Films-SODEC-Ciné+-Super Écran-Transfilm International-Mai Juin Productions-Sphere Films,11900000,15300000,99,Released,2021,29,90,1444759.0,8.2,6
79,Bruised,Drama,en,Thunder Road-Head Gear Films-Aloe Entertainment-Metrol Technology-Rhea Films-Entertainment 360-Romulus Entertainment-Bohemia Media-Hercules Film Fund,11000000,0,129,Released,2021,49,56,15264.0,6.2,1
80,Fighting with My Family,Comedy,en,Metro-Goldwyn-Mayer-Film4 Productions-WWE Studios-Misher Films-The Ink Factory-Seven Bucks Productions,11000000,39055536,108,Released,2019,93,86,83433.0,7.1,8
81,Anything's Possible,Romance-Comedy-Drama,en,Metro-Goldwyn-Mayer-Orion Pictures-Killer Films-Andrew Lauren Productions-Amazon Studios,10000000,0,96,Released,2022,86,57,1373.0,5.5,3
82,The Unholy,Horror-Mystery,en,Ghost House Pictures-Screen Gems,10000000,30833138,99,Released,2021,25,44,23563.0,5.1,0
83,Emma.,Comedy-Romance,en,Blueprint Pictures-Focus Features-Working Title Films-Perfect World Pictures,10000000,25155355,125,Released,2020,86,72,57151.0,6.7,5
84,Child's Play,Drama-Horror-Science Fiction,en,Metro-Goldwyn-Mayer-Orion Pictures-Canadian Film or Video Production Tax Credit (CPTC)-Bron Studios-Creative Wealth Media Finance-Oddfellows Entertainment-KatzSmith Productions,10000000,44902237,90,Released,2019,63,57,107414.0,6.6,2
85,The Grudge,Horror-Mystery,en,Ghost House Pictures,10000000,42800000,93,Released,2019,40,46,,,0
86,Step Sisters,Comedy,en,Broad Green Pictures,10000000,0,104,Released,2018,22,45,4698.0,5.4,0
87,Hereditary,Horror-Mystery-Thriller,en,PalmStar Media,10000000,80239658,128,Released,2018,90,69,333742.0,7.3,6
88,The Invitation,Horror-Thriller,en,Mid Atlantic Films-Screen Gems-TSG Entertainment,10000000,33628000,105,Released,2022,89,69,23439.0,5.3,4
89,The Curse of La Llorona,Horror-Thriller,en,New Line Cinema-Atomic Monster,9000000,122033739,93,Released,2019,28,35,52494.0,5.2,0
90,Happy Death Day 2U,Comedy-Horror-Science Fiction,en,Blumhouse Productions-Digital Riot Media,9000000,25327500,100,Released,2019,71,60,78347.0,6.2,4
91,Destroyer,Thriller-Crime-Drama-Action,en,Automatik Entertainment-RocketScience-30WEST,9000000,0,121,Released,2018,74,50,30454.0,6.2,3
92,Under the Silver Lake,Crime-Drama-Mystery,en,Michael De Luca Productions-Vendian Entertainment-Boo Pictures-Salem Street Entertainment-Stay Gold Features-UnLTD Productions-Sprockefeller Pictures-PASTEL-Good Fear-Cool Productions-P2 Films,8500000,2053469,139,Released,2018,59,57,45408.0,6.5,1
93,London Fields,Crime-Thriller,en,Muse Productions-Periscope Entertainment-Head Gear Films-Curiously Bright Entertainment-Living the Dream Films-MindSky Entertainment-Vedette Finance-Tartan-20th Century Fox,8000000,487420,118,Released,2018,0,33,11453.0,3.9,0
94,The Secrets We Keep,Thriller-History-Drama,en,Di Bonaventura Pictures-Echo Lake Entertainment-Fibonacci Films-AGC Studios-Kirkhaus Films,7200000,615233,97,Released,2020,63,41,6476.0,5.8,1
95,Queenpins,Comedy-Crime,en,Red Hour-AGC Studios-Marquee Entertainment,7000000,0,110,Released,2021,47,82,15352.0,6.3,4
96,The Invisible Man,Thriller-Science Fiction-Horror,en,Universal Pictures-Blumhouse Productions-Goalpost Pictures-Screen Australia-Nervous Tick,7000000,130234661,124,Released,2020,92,88,234706.0,7.1,8
97,Five Feet Apart,Romance-Drama,en,CBS Films-Wayfarer Entertainment,7000000,92600000,116,Released,2019,53,79,71948.0,7.2,4
98,Daughter of the Wolf,Action-Thriller,en,Minds Eye Entertainment-VMI Worldwide-The Fyzz-Falconer Pictures-Invico Capital-Petra Pictures,7000000,0,88,Released,2019,22,41,7845.0,4.5,0
99,Assassination Nation,Thriller-Horror-Comedy,en,Phantom Four-Bron Studios-Creative Wealth Media Finance-Foxtail Entertainment,7000000,2900000,108,Released,2018,74,55,20496.0,6.0,3
100,Dear Dictator,Comedy,en,Universal Pictures-Tunnel Post-Aloe Entertainment-Defiant Pictures-Bluegrass Films-Digital Ignition Entertainment-Cinedigm Entertainment-WYSJ Media-Hindsight Films Ltd-Hector Coup-Wicked Magic Productions,6700000,0,90,Released,2018,16,41,5017.0,5.0,0
101,Countdown,Horror-Thriller,en,Universal Pictures-STX Entertainment-Wrigley Pictures,6500000,48021766,90,Released,2019,26,72,40732.0,5.4,2
102,A Nice Girl Like You,Comedy-Romance,en,Vertical Entertainment-SPR Media-Affirmative Entertainment-CaliWood Pictures,6100000,0,94,Released,2020,10,47,5973.0,5.1,4
103,Ready or Not,Comedy-Horror-Thriller,en,Fox Searchlight Pictures-Vinson Films-Mythology Entertainment-Radio Silence,6000000,57615777,95,Released,2019,88,78,160268.0,6.8,5
104,The Prodigy,Horror-Thriller,en,Metro-Goldwyn-Mayer-Orion Pictures-XYZ Films-Vinson Films,6000000,21150265,92,Released,2019,42,37,27245.0,5.9,0
105,Breaking In,Thriller-Crime-Action,en,Will Packer Productions-Breaking In Pictures,6000000,49078000,88,Released,2018,82,42,16294.0,5.5,3
106,Nomadland,Drama,en,Highwayman Films-Cor Cordium Productions-Hear/Say Productions,5000000,14784114,108,Released,2020,93,82,168016.0,7.3,8
107,Zola,Comedy-Crime,en,Killer Films-Gigi Films-Ramona Films,5000000,3500000,86,Released,2020,88,68,15469.0,6.5,5
108,Gretel & Hansel,Fantasy-Horror-Mystery,en,Orion Pictures-Automatik Entertainment-Bron Studios-Creative Wealth Media Finance-Wild Atlantic Pictures,5000000,22059211,87,Released,2020,63,23,31990.0,5.5,1
109,Deep Blue Sea 3,Action-Horror-Science Fiction,en,Roserock Films,5000000,0,100,Released,2020,71,45,6778.0,4.7,2
110,Wendy,Fantasy-Adventure-Drama,en,Court 13 Pictures-Department of Motion Pictures-Searchlight Pictures,5000000,0,111,Released,2020,42,75,3562.0,5.7,2
111,Black Christmas,Horror-Mystery-Thriller,en,Universal Pictures-Blumhouse Productions-Divide / Conquer,5000000,18529730,92,Released,2019,14,38,43877.0,7.1,2
112,Ma,Horror-Thriller,en,Universal Pictures-Blumhouse Productions-Wyolah Films,5000000,51749995,99,Released,2019,92,55,55216.0,5.6,4
113,The Woman in the Window,Drama-Crime-Mystery-Thriller,en,Scott Rudin Productions-Fox 2000 Pictures-TSG Entertainment-20th Century Studios,4000000,0,102,Released,2021,25,33,77884.0,5.7,0
114,Late Night,Comedy-Drama,en,Scott Rudin Productions-FilmNation Entertainment-Imperative Entertainment-30WEST,4000000,22384741,102,Released,2019,79,77,39016.0,6.5,5
115,Vivarium,Science Fiction-Thriller-Mystery,en,XYZ Films-PingPongFilm-Fantastic Films-Frakas Productions-Saban Films-Lovely Productions,3947600,427399,97,Released,2019,73,39,62764.0,5.8,2
116,Winchester,Horror-Thriller,en,Lionsgate-CBS Films-Screen Australia-Screen Queensland-Film Victoria-Blacklab Entertainment-Imagination Design Works-Eclipse Pictures,3500000,44019588,100,Released,2018,13,32,35130.0,5.4,0
117,Funny Cow,Comedy-Drama,en,Gizmo Films-StudioPOW-Moviehouse-Laughing Girl Limited,3000000,0,103,Released,2018,79,69,2413.0,6.5,4
118,Midnight Sun,Romance-Drama,en,Universal Pictures-Boies/Schiller Film Group-Wrigley Pictures,2800000,27365467,91,Released,2018,20,56,32981.0,6.6,1
119,Mad Heidi,Action-Adventure-Comedy-Fantasy-Horror,en,A Film Company-Swissploitation Films,2600000,0,92,Released,2022,100,94,2280.0,5.6,7
120,To Your Last Death,Animation-Horror,en,Coverage Ink,2500000,0,91,Released,2019,71,65,3742.0,5.9,3
121,Run Hide Fight,Action-Crime-Thriller,en,Cinestate-Rebeller-Bonfire Legend,2000000,0,109,Released,2021,38,93,25095.0,6.3,5
122,Eighth Grade,Comedy-Drama,en,Scott Rudin Productions-A24,2000000,13539709,94,Released,2018,99,82,78304.0,7.4,8
123,Run,Thriller-Horror-Drama,en,Search Party,1700000,3400000,90,Released,2020,89,74,84546.0,6.7,5
124,Unsane,Horror-Thriller,en,Regency Enterprises-Extension 765-New Regency Pictures-Fingerprint Releasing,1500000,14293601,98,Released,2018,80,59,47799.0,6.4,4
125,The Gateway,Science Fiction,en,Filmscope Entertainment-Convergence Productions Pty,1328931,0,90,Released,2018,51,39,1071.0,4.8,0
126,Dune Drifter,Science Fiction,en,Dead Pixel Productions,1200000,0,98,Released,2020,100,40,1392.0,3.5,4
127,Marvelous and the Black Hole,Comedy-Drama,en,FilmRise-Tribeca Film Institute-Maomao Productions,1000000,0,81,Released,2022,86,65,2327.0,6.2,5
128,Who Am I?,Drama,en,Strong Foundation Films,940000,0,88,Released,2019,67,68,59323.0,7.5,4
129,The Miseducation of Cameron Post,Drama,en,Parkville Pictures-Beachside Films,900000,2019874,92,Released,2018,86,76,23790.0,6.6,5
130,Children of the Corn,Horror-Thriller,en,120dB Films-Digital Riot Media-Angel Oak Films-ANVL Entertainment,800000,0,93,Released,2020,12,38,1292.0,3.6,0
131,Rust Creek,Thriller-Drama-Action-Crime,en,IFC Midnight-Lunacy Productions,750000,0,108,Released,2019,86,62,12285.0,5.9,4
132,mid90s,Drama-Comedy,en,Scott Rudin Productions-Waypoint Entertainment-A24,258158,6897446,86,Released,2018,80,81,69549.0,7.3,7
133,The Farewell,Comedy-Drama,en,Big Beach-Depth of Field-Kindred Spirit-Seesaw Productions,250300,22110994,100,Released,2019,97,87,66692.0,7.5,8
134,Shiva Baby,Comedy-Drama,en,Thick Media-Irving Harvey-Neon Heart Productions-Bad Mensch Productions-Dimbo Pictures-It Doesn't Suck Productions,250000,31014,78,Released,2021,96,77,24386.0,7.1,7
135,Anything for Jackson,Horror,en,Vortex Productions,250000,0,96,Released,2020,98,71,9184.0,6.3,6
136,Shutter,Horror-Thriller,en,Invader Films,200000,0,105,Released,2018,63,77,1344477.0,8.2,5
137,Tahara,Drama-Comedy,en,Film Movement,120000,0,78,Released,2022,97,50,210.0,5.8,4
138,Dashcam,Horror-Thriller,en,Blumhouse Productions-Shadowhouse Films,100000,58156,80,Released,2022,48,34,4222.0,4.6,0
139,Sunday Girl,Comedy,en,Crestmont Pictures,80000,0,78,Released,2019,77,33,123.0,4.9,2
140,Book of Monsters,Comedy-Horror-Action,en,Dark Rift Films,76000,0,84,Released,2019,75,42,2170.0,4.7,2
141,Blink,Drama,en,Green Eyed Theater,40000,0,98,Released,2018,64,45,8714.0,6.2,2
142,Fading Petals,Drama,en,Crazy Goose Productions,11000,0,93,Released,2022,80,100,249.0,8.3,9
143,Afraid of the Dark,Drama-Horror-Thriller,en,Ghost Train Films,5000,0,71,Released,2021,20,33,1268.0,5.8,0
144,Fatherland,Drama,en,Slaney Studios,200,0,106,Released,2022,50,52,539.0,6.2,1
145,West Michigan,Drama,en,Two Other Trees,100,0,76,Released,2021,94,73,133.0,4.8,5
146,Till,Drama-History,en,Metro-Goldwyn-Mayer-Orion Pictures-Eon Productions-Frederick Zollo Productions-Whoop/One Ho Productions/Lil' Whoop Productions,0,8900000,131,Released,2022,96,97,9117.0,7.1,9
147,Empire of Light,Drama-Romance,en,Neal Street Productions-Searchlight Pictures,0,5251349,115,Released,2022,45,74,14429.0,6.6,3
148,Honk for Jesus. Save Your Soul.,Comedy,en,Focus Features-Monkeypaw Productions-Pinky Promise-Ejime Productions-59%-Indian Meadows Productions-Rh Negative Entertainment,0,2144225,98,Released,2022,71,29,3602.0,5.4,2
149,Emily,Drama-History-Romance,en,Ingenious Media-Tempo Productions-Arenamedia-Embankment Films,0,1859871,130,Released,2022,88,84,4293.0,6.9,6
150,Mercy Black,Horror-Mystery-Thriller,en,Blumhouse Productions-Divide / Conquer,0,200046,87,Released,2022,45,22,3856.0,4.9,0
151,On the Come Up,Drama-Music,en,State Street Pictures-Temple Hill Entertainment-Paramount Players,0,46000,115,Released,2022,74,73,582.0,5.6,4
152,She Will,Thriller-Horror-Drama,en,Pressman Film-Filmgate Films-RocketScience-Popcorn Group-Intermission Film,0,40958,95,Released,2022,85,49,2141.0,5.4,3
153,Honeydew,Horror,en,Little Sky Film-Rubber Road Productions-Bloody Disgusting,0,32890,106,Released,2021,65,38,2230.0,4.4,1
154,To Leslie,Drama,en,BCDF Pictures-Shaken Not Stirred Productions-Baral Waley Productions-Bluewater Lane Productions,0,27322,119,Released,2022,93,86,9459.0,7.1,8
155,Paradise Highway,Thriller-Crime-Drama,en,Grindstone Entertainment Group-ZDF-Silver Reel,0,0,115,Released,2022,17,70,4448.0,5.6,2
156,Fresh,Horror-Thriller-Comedy,en,Legendary Pictures-Hyperobject Industries,0,0,114,Released,2022,88,91,60892.0,6.7,7
157,Last Seen Alive,Action-Thriller,en,Voltage Pictures,0,0,95,Released,2022,13,39,23879.0,5.6,0
158,Christmas with You,Romance-Comedy,en,GMT Films,0,0,91,Released,2022,65,60,6542.0,5.6,2
159,Catherine Called Birdy,Adventure-Comedy,en,Working Title Films-Amazon Studios-Good Thing Going Productions,0,0,108,Released,2022,88,62,6025.0,6.6,5
160,The Valet,Comedy-Romance,en,Lionsgate-3Pas Studios,0,0,124,Released,2022,70,68,14132.0,6.7,4
161,Crush,Comedy-Romance,en,3 Arts Entertainment-Depth of Field-LD Entertainment-American High-Animal Pictures,0,0,92,Released,2022,36,58,7593.0,6.3,1
162,The Munsters,Comedy-Fantasy,en,Universal 1440 Entertainment-Spookshow International,0,0,110,Released,2022,52,36,9877.0,4.5,0
163,Topside,Drama,en,Likely Story-Red Crown Productions-K Period Media-ELO films-Level Forward,0,0,85,Released,2022,81,79,557.0,6.0,5
164,Senior Year,Comedy,en,Broken Road Productions-Paramount Players,0,0,112,Released,2022,23,46,39753.0,5.5,0
165,The Hater,Comedy,en,Vertical Entertainment-Pulse Films-Red Crown Productions-Monarch Partners,0,0,107,Released,2022,83,82,251.0,4.3,5
166,A Banquet,Horror,en,HanWay Films-Tea Shop & Film Company-Creativity Capital-Riverstone Pictures-Reliance Entertainment Productions 8,0,0,97,Released,2022,56,35,1124.0,4.8,0
167,Seriously Red,Comedy-Drama-Music,en,Screen Australia-Robyn Kershaw Productions-The Dollhouse Pictures-Filmology Finance,0,0,98,Released,2022,50,56,522.0,5.2,0
168,Two Witches,Horror,en,Incubo Films-The Rancon Company,0,0,95,Released,2022,91,67,730.0,4.9,5
169,Mona Lisa and the Blood Moon,Mystery-Fantasy-Thriller-Science Fiction,en,Le Grisbi Productions-RocketScience-Black Bicycle Entertainment-141 Entertainment-wiip,0,0,106,Released,2022,74,62,3116.0,6.2,4
170,Sharp Stick,Comedy,en,FilmNation Entertainment-Good Thing Going Productions,0,0,96,Released,2022,48,36,1489.0,4.9,0
171,Christmas with the Campbells,Comedy-Romance,en,Wild West Picture Show Productions-Cartel Pictures-The Cartel,0,0,88,Released,2022,37,55,931.0,5.3,0
172,The Lost King,Drama-Comedy,en,BBC Film-Ingenious Media-Baby Cow Productions-Pathé-Creative Scotland,0,0,108,Released,2022,77,90,3293.0,6.6,6
173,Here Before,Drama-Mystery-Thriller,en,BBC Film-Screen Ireland-Rooks Nest Entertainment-Saban Films,0,0,83,Released,2022,86,52,1248.0,5.8,3
174,A Wounded Fawn,Horror,en,Snowfort Pictures-Three Point Capital-Barbhouse Productions-Genco Pictures-HorrorHound Films,0,0,91,Released,2022,96,60,2156.0,5.5,5
175,A Violent Man,Crime-Drama,en,Ascendant Films,0,0,107,Released,2022,36,71,702.0,5.0,2
176,Tangled,Comedy-Romance,en,PassionFlix,0,0,106,Released,2022,89,87,464272.0,7.7,7
177,You Are Not My Mother,Horror-Thriller,en,Screen Ireland-Fantastic Films,0,0,93,Released,2022,88,51,4556.0,5.8,3
178,How to Please a Woman,Comedy,en,Such Much Films-Feisty Dame Productions,0,0,107,Released,2022,69,60,1205.0,6.2,3
179,Children of Sin,Horror,en,CWM Entertainment,0,0,94,Released,2022,43,50,281.0,4.0,0
180,The Eternal Daughter,Drama-Mystery,en,BBC Film-Element Pictures-Sikelia Productions-A24-JWH Films,0,0,96,Released,2022,95,44,3219.0,6.0,5
181,Attachment,Romance-Horror-Comedy,en,Nordisk Film Denmark-New Danish Screen,0,0,105,Released,2022,94,47,7.0,10.0,7
182,Persuasion,Romance-Drama-Comedy,en,Mad Chance-MRC-Bisous Pictures-Fourth & Twenty Eight Films,0,0,108,Released,2022,30,75,31378.0,5.8,2
183,Rosaline,Comedy-Romance,en,21 Laps Entertainment-20th Century Studios,0,0,96,Released,2022,74,77,8222.0,6.4,5
184,Nocebo,Horror-Thriller,en,Epicmedia-Lovely Productions-Wild Swim Films,0,0,96,Released,2022,71,67,3956.0,5.8,3
185,Fantasy Football,Comedy-Family,en,Nickelodeon Movies-NFL Films-Nickelodeon Productions-SpringHill Entertainment-Genius Productions,0,0,98,Released,2022,33,80,525.0,5.9,3
186,Scorched Earth,Science Fiction-Thriller-Action-Drama,en,Retro Gem Media-Morrison Productions,0,0,63,Released,2022,18,40,4360.0,4.4,0
187,The Sky Is Everywhere,Drama-Romance-Music,en,Di Novi Pictures-A24-Alice the Who,0,0,103,Released,2022,65,58,1454.0,5.6,1
188,Dear Zoe,Drama,en,Zin Haze Productions,0,0,94,Released,2022,71,89,792.0,5.5,5
189,Love in the Villa,Romance-Comedy,en,Off Camera Entertainment-Grumpy Entertainment,0,0,114,Released,2022,33,34,11161.0,5.4,0
190,Motherly,Thriller-Horror,en,Federgreen Entertainment-Lucky Dime Films,0,0,90,Released,2022,86,74,1281.0,5.1,5
191,The Royal Treatment,Romance-Comedy,en,Focus Features International (FFI),0,0,96,Released,2022,35,35,10148.0,5.2,0
192,As They Made Us,Drama-Romance-Comedy,en,Screen Media Ventures-Yale Productions-BondIt-Film Mode Entertainment-Vested Interest-Carte Blanche-Sad Clown Productions,0,0,96,Released,2022,81,87,1273.0,5.8,5
193,Cha Cha Real Smooth,Comedy-Drama-Romance,en,Endeavor Content-PictureStart-TeaTime Pictures,0,0,108,Released,2022,85,61,21618.0,7.3,5
194,Tin Can,Science Fiction-Horror,en,Cut Off Tail-levelFILM,0,0,104,Released,2022,80,60,242.0,4.0,4
195,Nanny,Horror-Drama,en,Blumhouse Productions-Amazon Studios-Stay Gold Features-Topic Studios-LinLay Productions,0,0,99,Released,2022,90,62,6131.0,5.3,5
196,They Live in the Grey,Horror,en,STANDOFF Pictures-Whiskey Stream Films,0,0,124,Released,2022,58,66,946.0,5.0,1
197,Cosmic Dawn,Science Fiction-Thriller,en,Cranked Up Films-Prowler Pictures,0,0,98,Released,2022,83,43,491.0,4.1,3
198,The Nan Movie,Comedy,en,DJ Films-Great Point Media-Merlin Films-Sulcata Productions-Zahala Productions-Lip Sync Productions,0,0,95,Released,2022,0,44,1304.0,4.8,0
199,The Almond and the Seahorse,Drama,en,Head Gear Films-Metrol Technology-Mad as Birds,0,0,95,Released,2022,13,64,267.0,5.4,1
200,Sissy,Horror-Comedy-Thriller,en,DEMS Entertainment-Dog Park Pictures-Arcadia,0,0,102,Released,2022,96,63,5061.0,6.1,5
201,The Last Manhunt,Western,en,On the Roam,0,0,103,Released,2022,18,55,702.0,4.2,0
202,Unplugging,Comedy,en,Traveling Picture Show Company (TPSC),0,0,94,Released,2022,14,29,760.0,4.4,0
203,Persona,Thriller-Romance,en,FILOMINATI,0,0,75,Released,2022,91,94,36.0,7.7,9
204,True Things,Drama,en,BBC Films-The Bureau-BFI Film Fund-Riff Raff Films,0,0,102,Released,2022,81,50,1185.0,5.9,3
205,Choose or Die,Horror-Thriller-Science Fiction,en,Stigma Films-Anton,0,0,85,Released,2022,30,27,22888.0,4.8,0
206,Best Laid Plans,Thriller,en,Random Media-Outside Our Means,0,0,83,Released,2022,43,39,36.0,8.4,3
207,Manny,Science Fiction,en,Marana Productions-Sonal Sehgal Films,0,0,71,Released,2022,25,65,,,1
208,Adopting Audrey,Drama,en,Blackbird Films,0,0,92,Released,2022,79,85,302.0,5.5,5
209,You Resemble Me,Drama,en,CNC-RYOT Films-The Othrs-Level Forward-Vice Studios-Willa Productions-Foothill Productions-D'Artagnan-Hameda’s Stories-Quiet,0,0,90,Released,2022,94,92,260.0,7.3,9
210,The Year Between,Drama,en,Chicago Media Angels-Level Forward-Full Spectrum Features,0,0,94,Released,2022,77,79,96.0,7.8,5
211,The Sound of Violet,Comedy-Drama-Romance,en,Morning Star Pictures,0,0,107,Released,2022,14,83,74.0,8.4,5
212,Entropy,Horror,en,HaleHouse Productions,0,0,80,Released,2022,40,75,216.0,2.4,2
213,Alone with You,Horror-Thriller,en,Untapped,0,0,83,Released,2022,74,55,8237.0,6.3,3
214,The Art of Love,Comedy,en,Philippe Weibel,0,0,106,Released,2022,0,60,298.0,5.9,1
215,Slam,Drama,en,Sandbox-Dolce Vita Films-Invisible Republic-The Koop-Studio KGB-Adhésive Production,0,0,116,Released,2021,61,84,157.0,6.0,5
216,Me You Madness,Comedy,en,STX Entertainment-Highland Film Group-Stormchaser Films,0,0,97,Released,2021,21,82,1318.0,3.8,3
217,Glasshouse,Thriller-Science Fiction,en,Showmax-Local Motion Pictures-Crave Pictures,0,0,94,Released,2021,84,38,654.0,5.5,3
218,Language Lessons,Drama-Comedy-Romance,en,Duplass Brothers Productions,0,0,91,Released,2021,96,82,2480.0,7.1,8
219,Stop and Go,Comedy,en,Sorø Films-BuzzFeed Studios-Decal,0,0,80,Released,2021,76,72,502.0,6.2,5
220,Like a House on Fire,Drama,en,Colonelle Films-Woods Entertainment,0,0,85,Released,2021,100,57,5236.0,5.5,4
221,Snakehead,Action-Drama-Crime,en,Roadside Attractions-Samuel Goldwyn Films-408 Films-Arowana Studios,0,0,89,Released,2021,71,58,795.0,5.2,2
222,Sweetheart,Comedy-Drama-Romance,en,BBC Film-BFI-Microwave Films-Hazey Jane Films-SUMS Film and Media,0,0,103,Released,2021,93,50,750.0,6.5,5
223,Holler,Drama,en,Level Forward-Hunting Lane Films-Feigco Entertainment-IFC Films,0,0,91,Released,2021,92,75,,,5
224,Antlers,Drama-Horror-Mystery,en,Phantom Four-TSG Entertainment-Double Dare You Productions-Searchlight Pictures-Mirada Studio,0,18312201,99,Released,2021,60,67,40549.0,5.9,2
225,The Night House,Drama-Horror-Mystery-Thriller,en,Phantom Four-TSG Entertainment-Searchlight Pictures-Anton,0,14590542,107,Released,2021,88,69,58072.0,6.5,5
226,A Journal for Jordan,Drama-Romance,en,Columbia Pictures-Escape Artists-Mundy Lane Entertainment-Bron Studios-Creative Wealth Media Finance-Outlier Society Productions,0,6200000,131,Released,2021,39,95,2323.0,5.9,4
227,Finding You,Romance-Drama,en,Roadside Attractions-Red Sky Studios-Nook Lane Entertainment,0,3300000,119,Released,2021,53,91,5952.0,6.4,5
228,Four Good Days,Drama,en,Productivity Media-Vertical Entertainment-Indigenous Media-Oakhurst Entertainment,0,843965,100,Released,2021,55,81,9260.0,6.5,4
229,A Mouthful of Air,Drama,en,Sony Pictures-Stage 6 Films-Templeheart Films-Maven Screen Media-Studio MAO-Farcaster Films-Winsome Entertainment-Carte Blanche,0,212833,105,Released,2021,68,81,1964.0,6.0,5
230,Tango Shalom,Comedy-Family,en,Convivivencia Forever Films,0,101449,115,Released,2021,71,90,398.0,5.8,5
231,Out of Death,Action-Thriller,en,EFO Films-Dutch Filmworks-Verdi Productions-SSS Entertainment-River Bay Films-Vertical Entertainment-Youplanet Pictures-BondIt Media Capital-Buffalo 8 Productions-Falcon Films,0,95813,95,Released,2021,0,43,5267.0,3.3,0
232,Hellbender,Horror,en,Yellow Veil Pictures-Wonder Wheel Productions,0,67474,83,Released,2021,97,53,5394.0,5.8,4
233,The Lost Daughter,Drama,en,Faliro House Productions-Pie Films-Endeavor Content-Media Finance Capital-Samuel Marshall Productions,0,14521,122,Released,2021,94,52,68390.0,6.7,5
234,Rushed,Mystery-Thriller-Horror-Drama,en,Vertical Entertainment,0,0,101,Released,2021,90,89,2705.0,5.6,6
235,Val,Horror-Comedy,en,Epic Pictures Group-Social House Films-Dread,0,0,81,Released,2021,94,89,13319.0,7.6,8
236,My True Fairytale,Drama-Mystery-Thriller,en,Purplelight Pictures,0,0,86,Released,2021,60,99,4367.0,5.8,5
237,Rare Beasts,Romance-Comedy-Drama,en,Western Edge Pictures-42-Fields Park-Great Point Media-Warrior Global Media,0,0,87,Released,2021,69,42,1259.0,5.4,1
238,Let Us In,Science Fiction-Thriller,en,Samuel Goldwyn Films-Pelican Films,0,0,84,Released,2021,20,20,,,0
239,Slumber Party Massacre,Horror-Comedy,en,Syfy-Shout! Studios-Blue Ice Africa,0,0,86,Released,2021,45,46,2518.0,5.1,0
240,June Again,Drama-Comedy,en,Head Gear Films-Spectrum Films-See Pictures,0,0,99,Released,2021,100,90,,,7
241,Stay,Horror,en,Ashley Park Productions-Ghost Machine Pictures,0,0,83,Released,2021,26,70,1270.0,3.7,2
242,Sophie Jones,Drama,en,The Sounding Board,0,0,86,Released,2021,100,71,384.0,5.3,5
243,Time Now,Thriller,en,Disarming Films,0,0,90,Released,2021,71,40,263.0,3.7,2
244,Bigfoot Famous,Comedy-Adventure,en,Gravitas Ventures,0,0,89,Released,2021,67,60,404.0,5.9,2
245,Haymaker,Drama-Romance,en,Hood River Entertainment,0,0,83,Released,2021,38,44,303.0,4.0,0
246,Test Pattern,Drama,en,It Was Written Productions-120E Films,0,0,83,Released,2021,96,51,814.0,6.4,5
247,Golden Arm,Comedy,en,The Ranch Productions-Utopia,0,0,90,Released,2021,100,82,,,6
248,Tyger Tyger,Drama,en,Uninflected Pictures,0,0,92,Released,2021,10,96,62079.0,7.1,9
249,Monuments,Comedy-Drama,en,Black Apple Media-ZAXIE,0,0,94,Released,2021,80,98,37.0,8.0,9
250,Echoes of Violence,Crime-Thriller,en,Phoenix Down Films,0,0,106,Released,2021,100,78,441.0,5.2,5
251,H Is for Happiness,Family,en,Screen Australia-ScreenWest-Film Victoria-Cyan Films-MIFF Premiere Fund,0,0,96,Released,2021,79,86,580.0,6.6,5
252,Love is Love is Love,Comedy-Romance-Drama,en,American Zoetrope,0,0,91,Released,2021,18,20,773.0,6.2,1
253,I Care a Lot,Comedy-Crime-Thriller-Drama,en,Black Bear Pictures-STX Entertainment-Crimple Beck,0,0,119,Released,2021,78,34,136537.0,6.3,3
254,Single Mother by Choice,Comedy-Drama,en,Two Hands Productions,0,0,82,Released,2021,85,98,173.0,3.3,6
255,The Unforgivable,Drama-Crime,en,GK Films-Fortis Films-Red Production Company-Construction Film,0,0,112,Released,2021,38,75,112556.0,7.1,4
256,The Tender Bar,Drama,en,Smoke House Pictures-Amazon Studios-Grand Illusion Films,0,0,104,Released,2021,51,68,30104.0,6.7,2
257,Masquerade,Thriller,en,XYZ Films-Shout! Studios-Rider Entertainment,0,0,80,Released,2021,13,36,1017.0,3.9,0
258,Love Hard,Comedy-Romance,en,Wonderland Sound and Vision,0,0,105,Released,2021,57,91,55886.0,6.3,5
259,Fear of Rain,Thriller-Horror-Drama,en,Zero Gravity Management-Sweet Tomato Films-Pinstripe Productions-Hungry Bull Productions-Mirror Image Films,0,0,109,Released,2021,54,59,8507.0,5.9,0
260,The Starling,Drama,en,Entertainment One-Boies/Schiller Film Group-Limelight,0,0,103,Released,2021,20,71,13982.0,6.3,3
261,The Dig,Drama-History,en,Clerkenwell Films-Magnolia Mae Films,0,0,112,Released,2021,75,83,77450.0,7.1,6
262,Moxie,Comedy-Drama-Music,en,Paper Kite Productions,0,0,111,Released,2021,70,68,26773.0,6.7,4
263,Afterlife of the Party,Fantasy-Comedy-Drama,en,MarVista Entertainment-Front Row Filmed Entertainment-Advantage Entertainment-DAE Light Media,0,0,109,Released,2021,56,71,9739.0,5.8,2
264,Mixtape,Comedy-Family,en,Maven Screen Media-Jim Wedaa Productions,0,0,94,Released,2021,100,77,3841.0,6.6,6
265,Bloodthirsty,Horror,en,Voice Pictures-775 Media Corp,0,0,82,Released,2021,80,27,,,3
266,Every Breath You Take,Thriller,en,Southpaw Entertainment-Construction Film-Vertical Entertainment-13 Films-Trinity Media Financing,0,0,105,Released,2021,20,89,6096.0,5.3,3
267,Resort to Love,Romance-Comedy,en,Story Ink-AK Worldwide,0,0,101,Released,2021,61,81,6301.0,5.7,4
268,Son,Horror-Thriller,en,Belladonna Productions-Elastic Film-Park Films,0,0,98,Released,2021,88,85,5853.0,5.6,5
269,Redemption Day,Action,en,H Films-Buffalo 8 Productions-Redemption Films,0,0,100,Released,2021,13,51,23904.0,4.5,0
270,Black as Night,Horror-Thriller,en,Amazon Studios-Blumhouse Television,0,0,87,Released,2021,70,32,2162.0,4.4,2
271,Cinderella,Fantasy-Romance-Comedy,en,Columbia Pictures-Fulwell 73,0,0,113,Released,2021,97,80,43179.0,4.3,6
272,The Kissing Booth 3,Romance-Comedy,en,Komixx Entertainment,0,0,112,Released,2021,25,18,18539.0,4.8,0
273,The Power of the Dog,Western-Drama,en,BBC Film-New Zealand Film Commission-See-Saw Films-Max Films-Cross City Films-Bad Girl Creek,0,0,128,Released,2021,94,76,180560.0,6.8,6
274,Vanquish,Action-Crime-Thriller,en,March On Productions-Capstone Group,0,0,96,Released,2021,5,22,4649.0,2.9,0
275,Kate,Action,en,Clubhouse Pictures-Screen Arcade-87North Productions,0,0,106,Released,2021,46,51,64787.0,6.2,1
276,Nightbooks,Fantasy-Family-Horror,en,Ghost House Pictures-MXN Entertainment,0,0,103,Released,2021,87,59,9620.0,5.8,3
277,Awake,Drama-Science Fiction-Thriller,en,Entertainment One-Paul Schiff Productions,0,0,96,Released,2021,23,54,23373.0,4.9,0
278,How It Ends,Comedy-Drama,en,Metro-Goldwyn-Mayer-American International Pictures-Mister Lister Films,0,0,83,Released,2021,17,17,3613.0,5.3,0
279,Mothering Sunday,Drama-Romance,en,Film4 Productions-BFI-Lipsync Productions-ZDF/Arte-Number 9 Films,0,0,104,Released,2021,78,64,3322.0,6.0,4
280,For the Sake of Vicious,Action-Horror-Mystery,en,Raven Banner Entertainment-Latefox Pictures-Federgreen Entertainment,0,0,80,Released,2021,78,58,779.0,4.2,2
281,Take Back,Action-Thriller-Crime,en,Ton of Hats,0,0,90,Released,2021,20,14,724.0,3.7,0
282,The Last Thing Mary Saw,Horror-Drama-Thriller,en,Intrinsic Value Films-Arachnid Films,0,0,88,Released,2021,71,54,1552.0,5.1,2
283,After Love,Drama,en,BBC Film-The Bureau-British Film Institute (BFI),0,0,89,Released,2021,90,75,16332.0,4.7,5
284,The Nowhere Inn,Comedy-Drama-Music,en,Ways & Means-Topic Studios-Crazy Galore,0,0,92,Released,2021,67,74,1322.0,5.7,3
285,The Toll,Comedy-Thriller-Crime,en,BFI-Samuel Goldwyn Films-Ffilm Cymru Wales-Great Point Media-Fields Park,0,0,83,Released,2021,58,56,1119.0,5.8,0
286,Poser,Drama-Music,en,Loose Films,0,0,87,Released,2021,83,72,463.0,6.0,5
287,Queen Bees,Romance-Comedy,en,Big Indie Pictures-Gravitas Ventures-Astute Films,0,0,101,Released,2021,55,89,2402.0,6.2,4
288,Ride or Die,Crime-Drama-Romance,en,Shogakukan-Kodansha,0,0,81,Released,2021,69,62,59.0,3.1,2
289,Falling for Figaro,Romance-Comedy-Music,en,Black Camel Pictures-Such Much Films-Southern Light Films-5 Name Films-Particular Crowd,0,0,104,Released,2021,73,71,2807.0,6.4,5
290,Skater Girl,Drama-Family,en,Mac Productions-Skatepark Films,0,0,107,Released,2021,89,83,4596.0,6.6,6
291,Deadly Illusions,Thriller-Drama,en,Kiss and Tale Productions,0,0,114,Released,2021,21,12,12763.0,3.7,0
292,Christmas at the Ranch,Romance-Comedy,en,Tello Films-Baker Production,0,0,94,Released,2021,100,62,493.0,5.5,5
293,Martyrs Lane,Horror,en,Ipso Facto Productions-BFI-Lipsync Productions-Sharp House,0,0,97,Released,2021,92,40,1843.0,5.6,4
294,Breaking News in Yuba County,Comedy-Drama-Crime,en,Ingenious Media-Nine Stories Productions-AGC Studios-Wyolah Films-The Black List,0,0,96,Released,2021,11,46,6535.0,5.8,0
295,Single All the Way,Romance-Comedy-Drama,en,Muse Entertainment,0,0,99,Released,2021,68,67,17722.0,6.1,3
296,The Manor,Horror,en,Amazon Studios-Blumhouse Television,0,0,81,Released,2021,89,57,6459.0,5.3,3
297,Ride the Eagle,Comedy-Drama,en,Decal-Kookaburra Films-Fire Pit Inc.,0,0,89,Released,2021,82,66,3275.0,6.3,5
298,Bad Hair,Horror-Comedy,en,Sight Unseen Pictures-Culture Machine,0,0,102,Released,2021,95,69,421.0,6.9,5
299,The Kindred,Horror-Thriller-Mystery,en,Parkhouse Pictures-Jump Start Productions-Uniforms & Weapons Emporium-AMP International,0,0,94,Released,2021,69,18,573.0,4.7,1
300,Needle in a Timestack,Drama-Romance-Science Fiction,en,Lionsgate-Bron Studios-Pacific Northwest Pictures-Creative Wealth Media Finance-Photon Films-Ember20,0,0,111,Released,2021,37,54,1967.0,5.2,0
301,A Perfect Enemy,Drama-Mystery-Thriller,en,OCS-Brainstorm Media-Treehouse Pictures-Barry Films-Deutscher Filmförderfonds-Natixis Coficiné-Sábado Películas-HessenFilm und Medien-Crea SGR-The Project-Es Cine-Pulsar Content-OneWorld Entertainment-Televisió de Catalunya (TV3),0,0,89,Released,2021,87,38,3245.0,5.5,3
302,Good on Paper,Comedy-Romance,en,Universal Pictures-Burn Later Productions-Meridian Content,0,0,92,Released,2021,53,37,12942.0,5.6,0
303,The Girl Who Believes in Miracles,Family-Drama,en,120dB Films-Trailmaker Productions-Gerson Productions,0,0,100,Released,2021,40,93,1105.0,5.5,4
304,Clairevoyant,Comedy,en,Myriad Pictures,0,0,88,Released,2021,78,89,2862.0,5.6,5
305,Kicking Blood,Drama-Fantasy-Horror,en,New Real Films-LevelFILM,0,0,80,Released,2021,74,58,196.0,4.4,2
306,Rose Plays Julie,Drama-Thriller,en,Samson Films-Desperate Optimists Productions,0,0,100,Released,2021,95,42,1379.0,6.5,5
307,The Influencer,Comedy-Thriller-Drama,en,Breaking Glass Pictures-Wizard Cats-Daisy Eagle Films,0,0,90,Released,2021,67,83,126.0,5.8,4
308,Sound of Violence,Horror-Thriller-Crime,en,You Know Films-No-Office,0,0,94,Released,2021,67,61,1076.0,4.8,2
309,Demigod,Horror,en,Historia Films-Artist Vodka Films,0,0,94,Released,2021,63,85,2146.0,4.2,4
310,Dolphin Island,Family-Drama,en,Entertainment Squad-Mr. Puppy Productions,0,0,91,Released,2021,64,83,163.0,5.0,4
311,India Sweets and Spices,Comedy-Drama-Romance,en,Sidney Kimmel Entertainment,0,0,101,Released,2021,83,78,729.0,6.1,5
312,For the Love of Money,Family-Drama,en,Thunderbird Entertainment,0,0,93,Released,2021,0,50,779.0,4.2,0
313,The Darkness,Horror,en,Tharun Productions,0,0,95,Released,2021,3,19,95.0,4.8,0
314,Honey,Drama-Romance,en,Neon Shark Media,0,0,59,Released,2021,21,71,215.0,5.0,2
315,Dreamer,Science Fiction-Comedy,en,Dreamerland,0,0,81,Released,2021,64,78,,,3
316,Ravers,Comedy-Horror,en,Iron Box Films,0,0,91,Released,2020,78,75,64.0,6.2,5
317,Kindred,Drama-Mystery-Horror-Thriller,en,Head Gear Films-Lipsync Productions-Serotonin Films-Metrol Technology-Beta Cinema-IFC Midnight-Reiver Pictures,0,8921,101,Released,2020,44,46,,,0
318,A Nightmare Wakes,Thriller,en,Eggplant Picture & Sound-Wild Obscura Films,0,0,91,Released,2020,51,46,325.0,3.7,0
319,Goldie,Drama,en,VICE Media-AgX,0,0,88,Released,2020,95,60,37.0,7.6,6
320,Jezebel,Drama,en,House of Numa-Salem Street Entertainment-UnLTD Productions,0,0,88,Released,2020,95,83,,,6
321,Relentless,Thriller,en,Deodand Entertainment-Mogo Media,0,0,73,Released,2020,50,33,92.0,4.8,0
322,Undertow,Drama-Thriller,en,Emerald Productions-MIFF Premiere Fund,0,0,90,Released,2020,54,61,,,1
323,Star Light,Horror-Thriller-Mystery,en,San Francisco Independent Cinema-Indie Entertainment-Orama Filmworks,0,0,89,Released,2020,57,50,310.0,4.0,0
324,Bird,Crime-Thriller,en,Anti-Hero Studios-Naturally Red Productions-Like-Minded Productions (LMP),0,0,106,Released,2020,83,79,246187.0,6.0,5
325,The Garden Left Behind,Drama,en,Queens Pictures-Autonomous Pictures,0,0,88,Released,2020,90,89,,,6
326,Transference,Horror-Thriller,en,Benacus Productions-Moonset Creations Film,0,0,79,Released,2020,0,0,2328.0,5.0,0
327,What the Constitution Means to Me,Drama,en,Big Beach-Defiant By Nature,0,0,100,Released,2020,97,76,730.0,7.4,7
328,Possessor Uncut,Horror-Thriller-Science Fiction,en,Rhombus Media-Ingenious Media-Téléfilm Canada-Arclight Films-Rook Films-Elevation Pictures-Neon-Well Go USA Entertainment-Ontario Creates-Particular Crowd-Crave,0,841334,104,Released,2020,94,59,39786.0,6.5,5
329,The Secret Garden,Family-Fantasy-Drama,en,Heyday Films-StudioCanal,0,889816,99,Released,2020,88,80,9280.0,5.6,5
330,A California Christmas,Comedy-Romance-Drama,en,ESX Entertainment,0,0,106,Released,2020,60,53,10659.0,5.8,1
331,Castle Freak,Horror,en,Full Moon Entertainment-Fangoria Films-Not The Funeral Home-Media Finance Capital-Good Wizard-Pioneer Media-Ill Willed Productions,0,0,106,Released,2020,57,44,1476.0,4.2,0
332,Black Bear,Drama-Comedy-Thriller,en,Tandem Pictures-Blue Creek Pictures-Oakhurst Entertainment,0,0,106,Released,2020,89,59,14023.0,6.5,4
333,The Last Thing He Wanted,Drama-Thriller,en,The Fyzz-Elevated Films-Little Red Hen,0,0,116,Released,2020,5,13,15973.0,4.3,0
334,The High Note,Romance-Comedy-Music-Drama,en,Focus Features-Working Title Films,0,0,113,Released,2020,71,73,12431.0,6.4,5
335,Happiest Season,Romance-Comedy,en,Temple Hill Entertainment,0,1401954,102,Released,2020,82,73,43244.0,6.6,5
336,Death of Me,Horror-Mystery,en,Lionsgate-Benetone Films-Envision Media Arts-Dobre Films-Saban Films-Media Finance Capital-13 Films,0,41848,95,Released,2020,31,22,6760.0,4.4,0
337,The Voices,Horror-Thriller,en,Three Tales Productions,0,0,96,Released,2020,75,58,471.0,3.9,2
338,The Wrong Missy,Comedy-Romance,en,Happy Madison Productions-QC Entertainment,0,0,90,Released,2020,32,50,41711.0,5.7,0
339,Ammonite,Romance-Drama,en,See-Saw Films,0,1396905,118,Released,2020,69,85,19869.0,6.5,5
340,The Kid Detective,Comedy-Drama-Mystery,en,Woods Entertainment-JoBro Productions-levelFILM,0,0,99,Released,2020,85,76,20266.0,7.0,6
341,Swallow,Drama-Thriller,en,Syncopated Films-Logical Pictures-Charades-Stand Alone Productions-The Population,0,0,96,Released,2020,87,71,26.0,3.9,5
342,Unpregnant,Drama-Comedy,en,Berlanti Productions-PictureStart-Warner Max,0,0,104,Released,2020,92,15,8728.0,6.5,5
343,Chick Fight,Action-Comedy,en,Yale Productions,0,0,98,Released,2020,37,18,4170.0,4.8,0
344,Pixie,Comedy-Crime-Thriller,en,Fragile Films,0,479317,93,Released,2020,76,58,4884.0,5.9,2
345,Radioactive,Drama-Romance-History,en,StudioCanal-Working Title Films-Shoebox Films-Pioneer Stilking Films,0,3507755,111,Released,2020,63,42,19530.0,6.2,2
346,Friendsgiving,Comedy,en,Red Hour-Rhea Films-Saban Films-Endeavor Content,0,0,95,Released,2020,19,23,3388.0,4.4,0
347,The Other Lamb,Horror-Drama-Thriller,en,Subotica Entertainment-IFC Midnight-Rumble Films,0,0,97,Released,2020,75,38,5100.0,5.3,2
348,Herself,Drama,en,BBC Films-Element Pictures-Amazon Studios-Merman,0,0,97,Released,2020,94,84,4063.0,7.0,8
349,On the Rocks,Drama-Comedy,en,American Zoetrope,0,0,96,Released,2020,87,50,33552.0,6.4,4
350,They Reach,Adventure-Horror,en,Rocket Rat Pictures-Single Schred Films,0,0,88,Released,2020,50,59,1140.0,4.5,0
351,The Broken Hearts Gallery,Comedy-Romance,en,No Trace Camping,0,0,109,Released,2020,79,88,9405.0,6.3,5
352,Pieces of a Woman,Drama,en,Bron Studios-Proton Cinema-Sikelia Productions-Creative Wealth Media Finance-Little Lamb Productions-Post Office Films,0,0,127,Released,2020,75,84,51988.0,7.0,6
353,Work It,Comedy-Music,en,Alloy Entertainment-STX Entertainment-AK Worldwide,0,0,93,Released,2020,85,63,14304.0,6.1,5
354,Relic,Horror-Drama-Mystery-Thriller,en,Screen Australia-Film Victoria-Carver Films-Nine Stories Productions-AGBO-Russo Brothers,0,2902552,89,Released,2020,92,52,27864.0,6.0,5
355,Wild Mountain Thyme,Romance-Drama,en,Likely Story-Screen Ireland-HanWay Films-Amasia Entertainment-Port Pictures-Mar-Key Pictures-Aperture Media Partners-The Western Regional Audiovisual Producers Fund/Wrap Fund,0,0,102,Released,2020,25,52,10451.0,5.7,0
356,Dead Reckoning,Thriller,en,Moody Independent-Productivity Media,0,0,91,Released,2020,17,0,,,0
357,Ava,Action-Crime-Drama-Adventure-Thriller,en,Voltage Pictures-Freckle Films-Vertical Entertainment,0,2987741,96,Released,2020,85,68,58368.0,5.4,4
358,Run Sweetheart Run,Thriller-Horror,en,Blumhouse Productions-Automatik Entertainment-Gamechanger Films-Quiet Girl Productions-Stuck On On,0,0,103,Released,2020,63,46,5553.0,5.4,1
359,After We Collided,Romance-Drama,en,Offspring Entertainment-Voltage Pictures-Wattpad-Frayed Pages Entertainment,0,42000000,105,Released,2020,13,93,33765.0,5.0,4
360,Amulet,Horror,en,Head Gear Films-Metrol Technology-Dignity Film Finance-Kreo Films FZ-Trigger Films-Stigma Films,0,0,99,Released,2020,72,35,4150.0,4.9,2
361,Come True,Science Fiction-Horror,en,Téléfilm Canada-Angel Entertainment-Copperheart Entertainment,0,70459,105,Released,2020,85,57,9754.0,6.0,4
362,12 Hour Shift,Thriller-Horror-Comedy-Crime,en,HCT Media,0,0,88,Released,2020,77,49,4663.0,5.5,2
363,Feel the Beat,Comedy-Music-Drama,en,Resonate Entertainment-Bitter Boy Productions Ltd.,0,0,107,Released,2020,50,56,12097.0,6.3,1
364,Stargirl,Comedy-Drama-Romance-Family,en,Walt Disney Pictures-Gotham Group-BCDF Pictures-Hahnscape Entertainment,0,0,107,Released,2020,68,69,5846.0,6.2,3
365,Promising Young Woman,Thriller-Crime-Drama,en,FilmNation Entertainment-LuckyChap Entertainment,0,13868965,114,Released,2020,90,87,183233.0,7.5,8
366,My Spy,Family-Action-Comedy,en,MWM Studios-STX Entertainment,0,4418501,99,Released,2020,48,38,32001.0,6.3,1
367,Girl,Thriller,en,Envision Media Arts-Fella Films-Trilight Entertainment-Anamorphic Media,0,0,90,Released,2020,84,74,3624.0,4.9,5
368,Secret Society of Second Born Royals,Action-Adventure-Comedy-Fantasy,en,Walt Disney Television,0,0,97,Released,2020,57,38,5677.0,4.9,0
369,Godmothered,Family-Fantasy-Comedy,en,Walt Disney Pictures-The Montecito Picture Company-Studio AKA,0,0,113,Released,2020,67,57,13107.0,6.1,2
370,The Mortuary Collection,Fantasy-Horror,en,Trapdoor Pictures-Alliance Media Partners-Mountain Path Entertainment,0,34265,108,Released,2020,96,70,13488.0,6.4,6
371,The Kissing Booth 2,Comedy-Romance,en,Komixx Entertainment,0,0,132,Released,2020,27,38,33658.0,5.7,0
372,Princess of the Row,Drama,en,Big Boss Creative-Odd Box Films-Shifty Eye Productions,0,0,90,Released,2020,88,92,490.0,6.3,7
373,Yellow Rose,Drama-Music,en,Home Away Productions-Civilian Studios,0,0,94,Released,2020,87,76,1225.0,6.5,5
374,My Name Is Sara,History-Drama,en,Watchout Productions-James Lucy Productions,0,0,111,Released,2020,71,88,105472.0,7.8,6
375,Elyse,Drama,en,Margam Films,0,0,94,Released,2020,43,36,554.0,4.3,0
376,Monstrous,Horror-Mystery-Thriller,en,377 Films-Traverse Terror-Lil Red Hen Media,0,0,86,Released,2020,60,18,797.0,3.8,1
377,Guest of Honour,Drama,en,Elevation Pictures-Ego Film Arts-The Film Farm-Playtime,0,0,105,Released,2020,42,36,1074.0,5.8,0
378,Viena and the Fantomes,Romance-Drama-Music,en,Versimilitude-Lola Pictures-Silver State Production Services,0,0,105,Released,2020,20,25,790.0,4.3,0
379,Miss Juneteenth,Drama,en,Sailor Bear-Vertical Entertainment-Ley Line Entertainment,0,0,103,Released,2020,99,57,1903.0,6.5,5
380,Modern Persuasion,Comedy-Romance-Drama-TV Movie,en,Tangerine Entertainment-Tortyfly Pictures,0,0,87,Released,2020,50,42,819.0,4.9,0
381,County Lines,Drama,en,Two Birds Entertainment-Loupe Films,0,0,90,Released,2020,96,73,1370.0,6.9,6
382,No Good Deed,TV Movie-Thriller,en,Incendo Productions,0,0,90,Released,2020,25,25,21088.0,5.6,0
383,Dead,Comedy-Horror-Mystery,en,Augusto,0,0,90,Released,2020,93,77,,,5
384,She Dies Tomorrow,Drama,en,Rustic Films,0,398663,85,Released,2020,84,23,6670.0,5.1,3
385,The Bay of Silence,Thriller,en,International Film Trust-Imperative Entertainment-Media Finance Capital-Silent Bay Productions-Levitate Film-So What Pictures-Vigilant Entertainment-Tbos Film-TS Entertainment,0,1941,93,Released,2020,52,45,2343.0,4.4,0
386,Let It Snow,Horror-Thriller,en,Solar Media Entertainment,0,0,86,Released,2020,53,63,1430.0,4.4,1
387,The Lost Husband,Drama-Romance,en,Six Foot Pictures,0,0,109,Released,2020,58,62,5161.0,6.1,2
388,Sightless,Thriller-Horror,en,MarVista Entertainment-Benattar/Thomas Productions-Headlong Entertainment,0,0,89,Released,2020,40,42,9230.0,5.5,0
389,Babyteeth,Drama-Comedy-Romance,en,Screen Australia-Spectrum Films-Jan Chapman Films-Create NSW-Whitefalk Films-WeirAnderson.com,0,989310,118,Released,2020,94,84,17164.0,7.2,8
390,The Sleepover,Family-Action,en,LD Entertainment,0,0,103,Released,2020,67,54,11113.0,5.7,1
391,Hall,Horror-Thriller,en,Franky Films,0,0,80,Released,2020,80,8,480.0,3.6,5
392,Body Cam,Horror-Thriller-Mystery,en,Paramount Players-ACE Entertainment,0,0,96,Released,2020,44,34,7074.0,5.3,0
393,The 2nd,Action,en,Turbo Panda Productions-Fury Film Franchise-Lucid Film,0,0,93,Released,2020,0,11,8829.0,3.8,0
394,Dating Amber,Comedy-Drama-Romance,en,Samuel Goldwyn Films-Altitude Film Entertainment-Tilted Pictures,0,0,92,Released,2020,94,86,6839.0,7.0,8
395,Horse Girl,Drama,en,Duplass Brothers Productions,0,0,104,Released,2020,71,48,18635.0,6.0,3
396,Love Sarah,Drama,en,Rainstar Productions-Miraj Films-Neopol Film,0,0,97,Released,2020,61,61,3180.0,6.1,3
397,I Am Woman,Drama-Music,en,Goalpost Pictures-Screen Australia-Transmission Pictures,0,0,116,Released,2020,66,64,2594.0,6.6,3
398,The Glorias,Drama,en,Roadside Attractions-LD Entertainment-Artemis Rising-Page Fifty-Four Pictures,0,0,147,Released,2020,68,65,3417.0,5.9,2
399,Violation,Horror-Thriller-Drama,en,DM Films,0,0,107,Released,2020,88,81,4095.0,5.3,5
400,Baby Done,Comedy,en,Piki Films,0,0,91,Released,2020,93,40,1485.0,6.0,5
401,I Used to Go Here,Comedy-Drama-Romance,en,Buffalo 8-Gravitas Ventures-SSS Entertainment-Yale Productions-Party Over Here-Ten Acre Films-BondIt Media Capital-SSS Film Capital-Buffalo 8 Productions,0,17300,87,Released,2020,85,41,3464.0,5.6,3
402,Mighty Oak,Comedy-Drama,en,Brookwell-McNamara Entertainment,0,0,102,Released,2020,55,78,661.0,5.1,2
403,The Murder of Nicole Brown Simpson,Thriller-Drama-Crime,en,1428 Films-Green Light Pictures-Skyline Entertainment,0,0,86,Released,2020,0,6,,,1
404,The Winter Lake,Thriller-Drama,en,Tailored Films-Creativity Capital-Title Media,0,0,92,Released,2020,71,21,1077.0,4.7,2
405,Sister of the Groom,Comedy-Romance,en,Mandorla Productions,0,0,82,Released,2020,47,21,743.0,4.6,0
406,The Arrangement,Thriller,en,Noble Failure Productions-heARTist Films-Luna K. Productions,0,0,103,Released,2020,15,63,101.0,6.5,2
407,Disclosure,Drama,en,Disclosure Productions,0,0,107,Released,2020,59,41,5740.0,8.2,3
408,La Leyenda Negra,Drama,en,Patricia Delgado Productions,0,0,84,Released,2020,82,50,85.0,7.1,5
409,Ode to Passion,Music-Drama-Romance,en,Jack Danini Productions,0,0,128,Released,2020,33,99,620.0,4.7,4
410,First One In,Comedy,en,Rosetta Films,0,0,98,Released,2020,100,56,89.0,5.4,4
411,Blood From Stone,Romance-Thriller-Horror,en,Indie Rights,0,0,116,Released,2020,100,88,192.0,4.6,6
412,Blonde Ambition,Drama-Romance,en,Surrender Cinema,0,0,101,Released,2019,14,22,,,0
413,Dear Mother,Romance-Drama,en,Insignia Films-Cote Ouest Audiovisuel (ABIDJAN),0,0,60,Released,2019,33,50,11.0,7.1,2
414,Christmas in July,Family,en,Matsuno Media,0,0,99,Released,2019,95,77,39.0,7.8,7
415,The Devil Has a Name,Drama-Comedy-Thriller,en,True Navigator Media-Four Horsemen Films-StoryBoard Media,0,0,97,Released,2019,35,39,,,0
416,Them That Follow,Thriller,en,Amasia Entertainment-G-BASE,0,0,98,Released,2019,59,45,3661.0,5.4,0
417,Mickey and the Bear,Drama,en,Thick Media-Shorelight Pictures,0,0,90,Released,2019,100,75,1654.0,6.6,6
418,Georgetown,Crime-Drama,en,RatPac Entertainment-InterTitle Films-Romulus Entertainment-Metalwork Pictures-Cornerstone Films,0,0,99,Released,2019,63,52,4530.0,6.2,2
419,Above the Shadows,Fantasy-Romance,en,Myriad Pictures-BondIt-HIPZEE-Boundary Stone Films,0,0,111,Released,2019,70,64,3333.0,6.0,4
420,Acceleration,Action,en,CineTel Films-7Heaven Productions,0,0,85,Released,2019,0,27,1626.0,3.4,0
421,Dead Dicks,Comedy-Horror-Science Fiction,en,Postal Code Films-Red Clay Pictures,0,0,83,Released,2019,100,37,1069.0,4.8,4
422,Gloria Bell,Drama-Romance,en,FilmNation Entertainment-Stage 6 Films-Fabula,0,11145006,102,Released,2019,91,47,,,4
423,Sword of Trust,Comedy,en,Forager Film,0,0,88,Released,2019,94,63,3877.0,6.3,5
424,Rocks,Drama,en,Head Gear Films-Film4 Productions-BFI-Altitude Film Entertainment-Metrol Technology-Kreo Films FZ-The Wellcome Trust-Fable Pictures,0,0,94,Released,2019,97,81,5148.0,7.4,8
425,An Acceptable Loss,Thriller-Drama,en,Corrado Mooncoin,0,0,102,Released,2019,12,70,1484.0,5.5,2
426,Daddy Issues,Drama,en,Under 1 Roof productions,0,0,90,Released,2019,89,76,,,5
427,Little Joe,Drama-Science Fiction,en,Coop 99 Filmproduktion-BR-BBC Film-ARTE-ORF-The Bureau-Essential Filmproduktion,0,0,106,Released,2019,67,41,8453.0,5.8,1
428,Extra Ordinary,Fantasy-Comedy-Horror,en,Screen Ireland-Epic Pictures Group-Blinder Films-uMedia-uFund-Wildcard Distribution-Inevitable Pictures-Cranked Up Films,0,0,94,Released,2019,98,77,10790.0,6.4,6
429,Little Woods,Drama-Thriller,en,Automatik Entertainment-Buffalo Picture House-Water's End Productions-Stoneboies Entertainment-Extra A Productions-Tango Entertainment,0,0,103,Released,2019,95,55,215184.0,7.8,5
430,Groupers,Comedy-Drama,en,Cold Cockle Productions,0,0,109,Released,2019,29,90,1060.0,5.2,4
431,Driven,Comedy-Horror-Thriller,en,Dead Leaf Productions,0,0,89,Released,2019,64,62,3496.0,5.2,2
432,Use Me,Thriller,en,Green Light Productions,0,0,91,Released,2019,86,74,545.0,4.1,5
433,Noelle,Family-Comedy-Fantasy,en,Walt Disney Pictures,0,0,100,Released,2019,57,55,24039.0,6.3,1
434,Coyote Lake,Thriller,en,Cranked Up Films,0,0,93,Released,2019,83,75,1302.0,5.4,5
435,VFW,Action-Horror,en,Voltage Pictures-Channel 83 Films-Fangoria Films-Media Finance Capital-Good Wizard,0,0,92,Released,2019,83,63,8983.0,6.1,5
436,Corporate Animals,Comedy-Horror,en,Screen Media Films-Snoot Entertainment-Protagonist Pictures-Pacific Electric Picture Company,0,0,86,Released,2019,25,15,3853.0,4.4,0
437,Miss Virginia,Drama,en,Moving Picture Institute,0,0,102,Released,2019,50,83,797.0,7.1,5
438,Take Me Somewhere Nice,Drama,en,Pupkin-VPRO,0,0,92,Released,2019,93,67,1609.0,6.3,5
439,Radioflash,Thriller-Drama,en,Dark Coast Pictures-Decipher Entertainment,0,0,103,Released,2019,0,47,5112.0,4.8,0
440,Beyond,Comedy-Romance,en,MTK Films-Motherland Media,0,0,107,Released,2019,68,75,2905.0,3.7,3
441,Then Came You,Comedy-Drama,en,Voltage Pictures-BCDF Pictures,0,0,97,Released,2019,57,72,,,2
442,Dark Encounter,Science Fiction-Thriller-Horror,en,Solis Film-Strathie Film-Goldfinch,0,0,97,Released,2019,71,41,3947.0,5.3,2
443,The Wedding Year,Comedy,en,Lakeshore Entertainment-Off The Dock,0,41767,90,Released,2019,44,51,3124.0,5.6,0
444,The Wolf Hour,Thriller,en,HanWay Films-Automatik Entertainment-Bradley Pilz Productions,0,0,99,Released,2019,46,44,3124.0,4.9,0
445,Holiday in the Wild,Romance-Comedy,en,Advantage Entertainment,0,0,85,Released,2019,38,50,16214.0,6.1,1
446,Strange but True,Thriller,en,First Generation Films-Automatik Entertainment-Motion Picture Capital,0,343038,96,Released,2019,55,83,5058.0,5.9,3
447,Back of the Net,Drama-Family,en,Screen Tasmania-The Steve Jaggi Company,0,0,86,Released,2019,50,33,797.0,5.2,0
448,Someone Great,Comedy-Romance,en,Likely Story-Feigco Entertainment-I Can & I Will Productions,0,0,92,Released,2019,83,65,23644.0,6.1,5
449,Brittany Runs a Marathon,Comedy-Drama,en,Material Pictures-Amazon Studios,0,7439448,103,Released,2019,88,87,20950.0,6.8,6
450,Port Authority,Drama,en,Madeleine Films-Sikelia Productions-RT Features-Rhea Films-Hercules Film Fund,0,0,94,Released,2019,84,69,942.0,6.4,5
451,The Short History of the Long Road,Drama,en,Bicephaly Pictures-Astute Films-Hua Wen Movie Group-Relic Pictures-Eggplant Picture & Sound-Lunacy Productions-Reverse Osmosis Films,0,0,90,Released,2019,89,82,,,5
452,The Deeper You Dig,Horror-Drama,en,Wonder Wheel Productions,0,0,95,Released,2019,94,57,2198.0,5.6,4
453,To Dust,Drama,en,Good Deed Entertainment-Storyland Pictures-Wing and a Prayer Pictures-King Bee Productions-Salem Street Entertainment-UnLTD Productions-The Alfred P. Sloan Foundation Production Grant,0,0,105,Released,2019,89,72,35.0,6.3,5
454,Most Likely to Murder,Thriller-TV Movie,en,Benattar/Thomas Productions-Headlong Entertainment,0,0,80,Released,2019,62,45,314.0,5.2,1
455,Top End Wedding,Comedy,en,Goalpost Pictures-Screen Australia,0,3681669,113,Released,2019,90,76,2215.0,6.3,6
456,Hilda,Drama,en,Odds On Productions,0,0,105,Released,2019,100,71,16.0,8.0,8
457,Mouthpiece,Drama,en,First Generation Films-Crucial Things,0,0,91,Released,2019,91,65,,,5
458,Hala,Drama,en,3 Arts Entertainment-Overbrook Entertainment-Endeavor Content,0,0,93,Released,2019,86,55,2647.0,6.2,4
459,Rosie,Drama,en,Element Pictures,0,0,86,Released,2019,67,100,,,5
460,Skin Walker,Horror-Thriller,en,Caviar-Calach Films,0,0,89,Released,2019,60,0,3581.0,4.2,1
461,The Chaperone,Drama,en,Anonymous Content-Fibonacci Films-39 Steps,0,600654,103,Released,2019,29,43,1728.0,6.6,1
462,The Unicorn,Comedy,en,Beachwood Park Films,0,0,88,Released,2019,91,64,8.0,8.4,7
463,Sister Aimee,Drama,en,Kill Claudio Productions-Santa Rita Film Co.,0,0,87,Released,2019,68,69,227.0,5.1,2
464,Poms,Comedy-Drama,en,Entertainment One-Sierra/Affinity-STX Entertainment-Mad as Birds-Rose Pictures,0,8600192,91,Released,2019,36,73,6667.0,6.1,3
465,The Hole in the Ground,Horror,en,Head Gear Films-Made-Metrol Technology-Savage Productions-Wrong Men North-Bankside Films,0,3373474,90,Released,2019,83,47,19781.0,5.6,3
466,After the Wedding,Drama,en,Ingenious Media-Rock Island Productions-Paradox Studios-Riverstone Pictures,0,2790019,110,Released,2019,88,87,8045.0,6.3,6
467,The Silence,Horror-Drama-Thriller-Fantasy,en,Constantin Film-EMJAG Productions,0,2325977,91,Released,2019,29,25,47328.0,5.3,0
468,The Sun Is Also a Star,Romance-Drama,en,Alloy Entertainment,0,1040000,100,Released,2019,51,60,7685.0,5.9,1
469,Freaks,Science Fiction-Thriller-Drama-Mystery,en,Bloomgarden Films-Amazing Incorporated-My Way Productions,0,333593,105,Released,2019,95,88,25.0,7.4,8
470,Angel of Mine,Drama-Thriller-Mystery,en,Screen Australia-Film Victoria-Garlin Pictures-SixtyFourSixty,0,230193,98,Released,2019,86,53,,,3
471,Fast Color,Thriller-Science Fiction,en,LD Entertainment-Codeblack Films-Original Headquarters,0,76916,102,Released,2019,81,58,938.0,7.8,5
472,The Haunting of Sharon Tate,Horror-Thriller,en,Voltage Pictures-ETA films-1428 Films-Green Light Pictures-Skyline Entertainment,0,68904,90,Released,2019,19,27,4223.0,2.9,0
473,Burn,Thriller-Crime-Action,en,Hopscotch Pictures-Yale Productions-Film Mode Entertainment-Particular Crowd-Inwood Road Films,0,25373,89,Released,2019,86,81,5373.0,5.7,5
474,Out of Blue,Drama-Crime-Mystery,en,BBC Film-BFI-Cannon and Morley Productions-Lipsync Productions-Independent-BFI Film Fund-The Electric Shadow Company-Ellenglaze Films,0,17682,110,Released,2019,37,33,657.0,6.1,1
475,Untogether,Comedy-Drama,en,Redwire Pictures,0,0,98,Released,2019,42,25,64.0,6.9,1
476,Juanita,Drama,en,Homegrown Pictures,0,0,90,Released,2019,82,64,2474.0,6.0,5
477,Camp Wedding,Comedy-Horror-Mystery,en,MINORapocalypse,0,0,90,Released,2019,71,60,1774.0,3.3,3
478,Heaven,Drama-TV Movie,en,Lifetime-Front Street Pictures,0,0,90,Released,2019,73,77,1613.0,5.8,4
479,The Birdcatcher,Drama-Thriller-War,en,Voltage Pictures-Norsk Filminstitutt-Motion Picture Capital-Garnet Girl-Reliance Entertainment Productions Scandi,0,0,97,Released,2019,17,62,1808.0,5.8,1
480,Body at Brighton Rock,Thriller,en,Soapbox Films-Protostar Pictures,0,0,88,Released,2019,67,20,2386.0,4.8,1
481,Coming Home Again,Drama,en,Center for Asian American Media Production,0,0,86,Released,2019,92,83,101.0,6.4,7
482,International Falls,Comedy,en,Gravitas Ventures,0,0,93,Released,2019,100,69,590.0,5.8,5
483,Sweetness in the Belly,Drama,en,Parallel Films-Sienna Films,0,0,111,Released,2019,40,54,725.0,5.6,0
484,She Never Died,Action-Fantasy-Horror-Crime,en,Alternate Ending Studios,0,0,89,Released,2019,100,42,1114.0,5.2,4
485,End of Sentence,Drama,en,Palomar Pictures-Samson Films-Berserk Films,0,0,96,Released,2019,92,88,4254.0,6.7,7
486,Dirty God,Drama,en,A Private View-BFI Film Fund-EMU Films-Viking Film-BFI,0,0,104,Released,2019,96,53,1695.0,6.5,5
487,Room for Rent,Thriller-Horror,en,Pasidg Productions Inc.,0,0,81,Released,2019,88,55,3702.0,5.3,3
488,Tooth Fairy,Horror-Thriller,en,ITN Distribution-ChampDog Films,0,0,86,Released,2019,14,34,337.0,2.2,0
489,Spinster,Comedy,en,Shut Up & Colour Pictures-Northeast Films-Woods Entertainment,0,0,90,Released,2019,82,74,1061.0,5.8,5
490,Tall Girl,Comedy-Drama-Romance,en,Wonderland Sound and Vision,0,0,101,Released,2019,38,22,24976.0,5.2,0
491,Jellyfish,Drama,en,F24 Film-Nik Holttum Productions-Lemonworld-Bank Side Films-Cinelease,0,0,98,Released,2019,87,79,,,5
492,Lady and the Tramp,Family-Romance-Comedy,en,Walt Disney Pictures-Taylor Made Entertainment,0,0,111,Released,2019,93,80,22751.0,6.2,7
493,Fractured,Thriller,en,Paul Schiff Productions-Macari/Edelstein-Koji Productions-Crow Island Films,0,0,99,Released,2019,59,51,80597.0,6.4,1
494,Run with the Hunted,Crime-Thriller,en,El Ride Productions-Roxwell Films-BondIt Media Capital,0,0,93,Released,2019,0,33,3700.0,5.2,0
495,The Body Remembers When the World Broke Open,Drama,en,Violator Films-William F. White International-Experimental Forest Films-Film Farms-Oslo Pictures-levelFILM,0,0,105,Released,2019,97,58,824.0,6.9,5
496,42nd Street,Comedy,en,BroadwayHD-Julian Marsh Pictures,0,0,132,Released,2019,96,74,457.0,7.8,7
497,Rattlesnake,Thriller-Drama-Mystery-Horror,en,Campfire,0,0,85,Released,2019,30,16,9018.0,4.6,0
498,The Furies,Horror-Action-Thriller,en,Head Gear Films-Metrol Technology-Kreo Films FZ-Odin's Eye Entertainment-The Film Distillery,0,0,82,Released,2019,92,80,5389.0,5.4,6
499,Can You Keep a Secret?,Romance-Comedy,en,Big Indie Pictures-BCDF Pictures,0,0,94,Released,2019,30,36,18672.0,5.3,0
500,CRSHD,Comedy-Drama,en,ESC Productions,0,0,81,Released,2019,75,60,374.0,4.6,3
501,Rabid,Science Fiction-Horror,en,Back 40 Films-Media Finance Capital,0,0,107,Released,2019,77,46,5733.0,5.2,2
502,Stay,Drama-Horror-Thriller,en,Honor,0,0,93,Released,2019,26,70,1067.0,4.2,2
503,Burning Cane,Drama,en,Denizen Pictures,0,0,77,Released,2019,92,35,,,4
504,Her Smell,Drama-Music,en,Faliro House Productions-Bow + Arrow Entertainment-Gunpowder & Sky,0,0,136,Released,2019,84,44,,,3
505,Troop Zero,Comedy-Drama-Family,en,Escape Artists-Big Indie Pictures-Amazon Studios-JuVee Productions,0,0,94,Released,2019,68,75,11278.0,6.9,4
506,Float Like a Butterfly,Drama,en,Samson Films-Port Pictures,0,0,101,Released,2019,87,69,,,4
507,Colewell,Drama,en,Washington Square Films-Wavelength Productions,0,0,79,Released,2019,100,55,532.0,6.3,5
508,Firecrackers,Drama,en,Alcina Pictures-Wildling Pictures-Prowler Film,0,0,93,Released,2019,96,60,,,5
509,A Good Woman Is Hard to Find,Thriller-Crime,en,Frakas Productions-February Films-Superbe Films,0,0,97,Released,2019,92,67,5017.0,6.3,5
510,The Laundromat,Drama-Crime-Comedy,en,Anonymous Content-Grey Matter Studios-Topic Studios-Sugar23,0,0,96,Released,2019,41,39,52552.0,6.3,1
511,State Like Sleep,Drama,en,The Orchard-3311 Productions-Scythia Films-Code Red Productions-Sight Unseen Pictures,0,0,105,Released,2019,37,16,1015.0,4.4,0
512,Aberdeen,Drama,en,Cloudstar Pictures,0,0,90,Released,2019,87,79,75.0,7.7,6
513,Sweetheart,Horror-Thriller,en,Blumhouse Productions,0,0,82,Released,2019,93,50,8973.0,5.8,4
514,Harriet,Drama-History,en,Focus Features,0,0,125,Released,2019,74,97,28500.0,6.7,6
515,Through Black Spruce,Drama-Mystery,en,Serendipity Point Films,0,0,111,Released,2019,40,82,688.0,5.8,3
516,Tell It to the Bees,Romance-Drama,en,Taking a Line for a Walk Productions-Riverstone Pictures-Archface Films-Cayenne Film Company-Reliance Entertainment Productions 8,0,0,106,Released,2019,53,61,79291.0,6.2,2
517,1BR,Thriller-Drama-Horror,en,Malevolent FIlms,0,0,90,Released,2019,88,52,14039.0,5.8,3
518,Salton Sea,Drama,en,Colab Studios,0,0,79,Released,2018,63,82,215.0,5.3,4
519,Mary Goes Round,Drama,en,Wildling Pictures,0,0,87,Released,2018,90,88,695.0,6.7,7
520,Miss Granny,Comedy-Drama,en,Viva Films-N² Productions-CJ Entertainment,0,0,120,Released,2018,80,88,1821.0,7.1,7
521,Solace,Drama,en,Morgan's Mark,0,0,87,Released,2018,24,44,155.0,5.0,0
522,Supa Modo,Drama,en,One Fine Day Films-Ginger Ink Films,0,0,74,Released,2018,90,82,504.0,7.2,8
523,Softness of Bodies,Drama,en,ZAK Film Productions-Studio Saboteur,0,0,74,Released,2018,100,58,199.0,5.1,4
524,Kissing Candice,Thriller-Drama,en,Venom Films-Screen Ireland,0,0,102,Released,2018,73,40,270.0,5.2,2
525,The Tokoloshe,Horror-Thriller,en,The Ergo Company,0,0,92,Released,2018,100,29,184.0,4.6,4
526,Doing Money,Drama-TV Movie,en,Renegade Pictures,0,0,90,Released,2018,80,60,540.0,7.0,5
527,Jinn,Drama,en,Sweet Potato Pie-Morgan's Mark-Confluential Films,0,0,92,Released,2018,18,31,433.0,6.0,1
528,Payday,Action-Thriller-Drama-Mystery,en,A Cut to the Chase Productions,0,0,105,Released,2018,50,77,131.0,3.9,2
529,The Misguided,Drama-Comedy,en,Early Autumn,0,0,88,Released,2018,57,90,531.0,4.6,4
530,Strange Colours,Drama,en,La Biennale di Venezia-Biennale College Cinema,0,0,85,Released,2018,100,100,199.0,6.4,8
531,Peripheral,Thriller-Horror,en,Ascension Productions,0,0,89,Released,2018,90,83,257.0,4.8,6
532,Dad,Drama,en,Rob Lobosco Productions,0,0,91,Released,2018,55,60,8.0,9.4,5
533,Night Shift,Horror,en,Blue Shadows Films-Greenflash Pictures-Grump Films,0,0,81,Released,2018,93,63,640.0,4.1,5
534,White Rabbit,Comedy-Drama,en,Mister Lister Films,0,0,71,Released,2018,21,60,376.0,5.7,1
535,They,Drama,en,Mass Ornament Films,0,0,80,Released,2018,67,38,36000.0,8.2,4
536,Skeletons in the Closet,Horror,en,Scotchworthy Productions-The Line Film Company,0,0,82,Released,2018,40,35,322.0,3.8,0
537,Deep End,Drama-Romance,en,Arclight Films,0,0,90,Released,2018,82,59,25.0,7.0,5
538,Life and Nothing More,Drama,en,Aquí y Allí Films,0,0,113,Released,2018,100,93,6617.0,7.9,9
539,Kayak to Klemtu,Family-Adventure,en,Scythia Films-Téléfilm Canada-Stellar Citizens,0,0,91,Released,2018,50,78,98.0,6.6,3
540,10x10,Thriller,en,Head Gear Films-Unstoppable Entertainment,0,0,86,Released,2018,67,23,9459.0,5.1,1
541,Cam,Mystery-Thriller-Horror,en,Blumhouse Productions-Divide / Conquer-Gunpowder & Sky,0,0,95,Released,2018,93,54,33503.0,5.9,4
542,Anna and the Apocalypse,Horror-Comedy-Fantasy,en,Creative Scotland-Black Camel Pictures-Parkhouse Pictures-Blazing Griffin,0,0,98,Released,2018,77,63,,,3
543,Can You Ever Forgive Me?,Drama-Crime-Comedy,en,Fox Searchlight Pictures-Archer Gray,0,8586944,107,Released,2018,98,81,53776.0,7.1,8
544,Relentless,Thriller,en,Human-Meridiano 89,0,0,95,Released,2018,50,33,458.0,4.6,0
545,High Strung Free Dance,Music-Romance-Drama,en,Castel Film-Riviera Films,0,235066,103,Released,2018,50,82,2108.0,6.8,4
546,Lies We Tell,Thriller-Crime-Romance,en,Bradford International Film Associates,0,0,109,Released,2018,0,33,594.0,4.1,0
547,Colossal Youth,Comedy-Drama-Romance,en,Giant Steps Productions,0,0,98,Released,2018,86,79,2758.0,5.3,5
548,Hospitality,Thriller-Crime-Drama,en,Kandoo Films,0,0,80,Released,2018,17,40,360.0,4.8,0
549,The Boy Downstairs,Romance-Comedy-Drama,en,Motion Picture Capital-The Boy Downstairs Productions-Cliffbrook Films,0,13638,91,Released,2018,64,43,1749.0,5.7,1
550,Katie Says Goodbye,Drama,en,Relic Pictures-Parallell Cinéma-Unknown Subject,0,0,88,Released,2018,45,70,2173.0,6.7,3
551,Open 24 Hours,Horror-Thriller,en,Zee Studios International-Seahorse Filmhouse,0,0,102,Released,2018,45,35,4085.0,5.5,0
552,Welcome to Mercy,Drama-Horror,en,EMH Consulting Group-Forma Pro Films-Global Creative Studios-IFC Midnight,0,0,103,Released,2018,70,49,,,2
553,Elizabeth Harvest,Science Fiction-Thriller-Horror-Mystery,en,Voltage Pictures-Automatik Entertainment-Motion Picture Capital,0,4973,105,Released,2018,52,57,8994.0,5.8,0
554,Permission,Comedy-Romance-Drama,en,Good Deed Entertainment-Ball & Chain Productions-Picture Films-Paper Trail-Circadian Pictures,0,0,96,Released,2018,67,31,,,1
555,Change in the Air,Drama,en,Red Square Pictures-M.Y.R.A. Entertainment-Fish Hook Media-Home Plate Pictures,0,0,94,Released,2018,11,47,697.0,5.7,0
556,Wild Nights with Emily,History-Comedy,en,Salem Street Entertainment-P2 Films-UnLTD Productions,0,0,84,Released,2018,89,56,1350.0,6.2,4
557,Nappily Ever After,Comedy-Romance,en,Marc Platt Productions-Badabing Pictures,0,0,100,Released,2018,67,70,9480.0,6.4,4
558,The Tale,Drama-TV Movie,en,ARTE-ZDF-Gamechanger Films-One Two Films-Untitled Entertainment-WeatherVane Productions-Blackbird Films-A Luminous Mind Production,0,0,115,Released,2018,99,82,18614.0,7.2,8
559,The Perfection,Horror-Thriller-Drama,en,Miramax-Capstone Pictures,0,0,90,Released,2018,71,56,45860.0,6.2,3
560,The Sonata,Horror-Thriller-Mystery,en,CTB Film Company-Tasse Film-ARRI Media-Featuristic Films-The Project,0,0,87,Released,2018,48,64,1462.0,5.2,1
561,55 Steps,Drama,en,Elsani Film-Aloe Entertainment-Mass Hysteria Entertainment-Potemkino Port-MMC Movies,0,0,115,Released,2018,50,82,4698.0,5.4,3
562,Tully,Comedy-Drama,en,Denver and Delilah Productions-Focus Features-Bron Studios-Right of Way Films-Creative Wealth Media Finance-West Egg Studios,0,15636462,96,Released,2018,81,76,60709.0,6.9,5
563,The More You Ignore Me,Comedy,en,Genesius Pictures,0,0,90,Released,2018,80,73,769.0,6.0,5
564,Pin Cushion,Drama,en,Quark Films,0,0,82,Released,2018,90,73,,,5
565,Funny Story,Comedy-Drama,en,Cinemand,0,0,84,Released,2018,83,70,518.0,5.2,5
566,A Face In The Crowd,Drama-Romance,en,Rok Studios,0,0,82,Released,2018,89,94,,,6
567,Look Away,Horror-Thriller-Fantasy,en,Buffalo Gal Pictures-MFM-Dana Lustig Productions-Primary Wave Entertainment-Ace in the Hole Productions,0,1119537,103,Released,2018,17,51,19814.0,5.8,0
568,The Night Sitter,Comedy-Horror,en,Roller Disco Massacre-Pelican Films,0,0,88,Released,2018,78,58,1074.0,4.9,2
569,Intensive Care,Action,en,Engenius Productions-GKG Productions,0,0,80,Released,2018,80,17,481.0,3.9,3
570,Who We Are Now,Drama,en,Oriah Entertainment,0,0,101,Released,2018,96,70,,,5
571,Cold November,Drama-Family-Thriller,en,Mama Bear Studios-Pollywogs Films-Kjax,0,0,92,Released,2018,100,60,,,5
572,The Second,Drama-Thriller,en,Screen Australia-Screen Queensland-Stan Australia-Tangerine Entertainment-Sense & Centsability-Second Films,0,0,94,Released,2018,63,50,346.0,5.0,1
573,An Evening with Beverly Luff Linn,Comedy-Crime,en,Park Pictures Features-Rook Films-Wigwam Films,0,0,108,Released,2018,53,49,6228.0,5.8,0
574,Ashes in the Snow,Drama-Romance,en,Tauras Films-Sorrento Productions,0,0,99,Released,2018,56,82,6505.0,6.6,4
575,All I Wish,Comedy-Romance,en,MRB Productions-ETA films,0,0,94,Released,2018,18,45,1718.0,5.2,0
576,Krystal,Drama-Comedy,en,Dog Pond Productions-Dorian Media-Pantry Films-Tangerine Pictures-Lionsgate,0,0,90,Released,2018,13,48,174.0,5.3,0
577,Social Animals,Comedy-Romance,en,BondIt-Cranium Entertainment,0,0,90,Released,2018,58,42,1908.0,5.3,0
578,Furlough,Comedy,en,DeerJen,0,0,84,Released,2018,20,32,1989.0,5.4,0
579,Along Came the Devil,Thriller-Horror-Drama,en,Gravitas Ventures-DeVan Clan Productions,0,0,89,Released,2018,38,44,1750.0,4.1,0
580,The Fare,Thriller-Mystery-Science Fiction,en,501 Pictures-Public Displays of Affection-Grady Film-Devilworks-Dread,0,0,82,Released,2018,100,69,2994.0,6.2,5
581,Lez Bomb,Comedy,en,Sprockefeller Pictures-Fair Lila Films,0,0,91,Released,2018,89,67,1477.0,5.2,4
582,All About Nina,Comedy-Drama,en,Diablo Entertainment-Malibu Films-Candela Films,0,0,97,Released,2018,86,71,2961.0,6.2,5
583,Been So Long,Drama-Music-Romance,en,BFI-Film4 Productions,0,0,100,Released,2018,92,68,1147.0,5.5,5
584,Head Full of Honey,Drama,en,Warner Bros. Pictures-Barefoot Films,0,0,127,Released,2018,0,76,2437.0,5.4,2
585,Small Town Crime,Thriller-Crime-Mystery,en,Avva Pictures-6 Foot Films,0,0,91,Released,2018,79,68,11996.0,6.6,4
586,Viking Destiny,Adventure-Action-Fantasy,en,Head Gear Films-uMedia-Fatal Black-Misfits Entertainment-Metrol Technology,0,0,91,Released,2018,13,35,1163.0,4.3,0
587,Pimp,Drama,en,308 Enterprises-Adrenaline Entertainment,0,0,86,Released,2018,0,13,13404.0,6.0,1
588,Obey,Drama,en,Harvest Pictures-Beyond Fiction,0,0,96,Released,2018,100,50,598.0,5.5,4
589,Skate Kitchen,Drama-Comedy,en,RT Features-Bow + Arrow Entertainment-Pulse Films,0,0,106,Released,2018,89,76,4653.0,6.8,5
590,God Bless the Broken Road,Drama-Family-Romance,en,10 West Studios-A Really Good Home Pictures,0,0,111,Released,2018,17,77,1153.0,5.7,2
591,6 Balloons,Drama,en,Campfire Studios-Free Association,0,0,75,Released,2018,86,56,4333.0,5.9,3
592,Dead Night,Horror,en,M3 Alliance Limited,0,0,82,Released,2018,63,47,,,1
593,The New Romantic,Drama-Comedy,en,Independent Edge Films-Nortario Films-JoBro Productions-Ontario Media Development Corporation (OMDC)-Téléfilm Canada-Northern Ontario Heritage Fund Corporation,0,0,82,Released,2018,61,37,2310.0,5.8,1
594,Extremity,Horror,en,Alberta Filmworks-Dark Elegy Films-Actra-Northern Gateway Films,0,0,103,Released,2018,100,38,989.0,4.2,4
595,American Woman,Drama,en,Scott Free Productions-Romulus Entertainment,0,0,111,Released,2018,89,81,7164.0,6.8,6
596,At First Light,Thriller-Science Fiction,en,Oddfellows Entertainment,0,0,90,Released,2018,54,45,3919.0,5.6,0
597,Where Is Kyra?,Drama,en,Killer Films-Big Indie Pictures-Little Minx Films,0,59717,98,Released,2018,81,51,1764.0,5.5,3
598,Vox Lux,Drama-Music,en,Killer Films-Bold Films-Andrew Lauren Productions-Sierra/Affinity-Three Six Zero,0,1330828,114,Released,2018,62,37,18907.0,5.8,1
599,Frenzy,Horror-Thriller-TV Movie,en,Benetone Films-Slightly Distorted Productions-Shark Pack LD,0,0,85,Released,2018,90,78,2135.0,2.8,5
600,Support the Girls,Drama-Comedy,en,Burn Later Productions-Houston King Productions-Slater Films,0,129124,91,Released,2018,91,60,7793.0,6.4,5
601,Beast,Thriller-Mystery-Crime-Drama,en,Film4 Productions-BFI-BFI Film Fund-Stray Bear Productions-Agile Films,0,0,107,Released,2018,92,74,3035.0,3.6,5
602,The Holiday Calendar,Romance-Comedy-Family,en,Motion Picture Corporation of America,0,0,94,Released,2018,33,41,10820.0,5.7,0
603,Damsel,Comedy-Western,en,Strophic Productions Limited,0,0,114,Released,2018,68,53,5563.0,5.6,1
604,First Match,Drama,en,Clubhouse Pictures-CreativeBionics,0,0,94,Released,2018,85,82,2402.0,6.4,6
605,What Still Remains,Thriller-Drama,en,Strike the Sun Entertainment,0,0,92,Released,2018,90,49,2007.0,4.7,4
606,Octavio Is Dead,Drama,en,The Film Farm,0,0,90,Released,2018,60,29,320.0,4.5,1
607,Night Comes On,Drama,en,Superlative Films-Stoneboies Entertainment-HarHar Productions-Genera Entertainment-Thunderhead Pictures,0,0,87,Released,2018,98,74,1020.0,6.7,6
608,The Kindergarten Teacher,Drama,en,Maven Screen Media-Pie Films-Paper Chase Films,0,0,96,Released,2018,77,44,16900.0,6.7,3
609,Love Jacked,Romance-Comedy,en,Spier Films-Inner City Films,0,0,100,Released,2018,22,61,2382.0,5.8,1
610,Galveston,Thriller,en,Jean Doumanian Productions-Low Spark Films-RLJE Films,0,0,91,Released,2018,72,53,15192.0,6.2,3
611,Blame,Drama,en,Reel Enigma,0,0,100,Released,2018,58,40,56.0,6.3,1
612,What They Had,Drama,en,Bona Fide Productions-United Pictures-June Pictures,0,0,101,Released,2018,87,83,4469.0,6.7,6
613,Ibiza,Comedy-Romance,en,Gary Sanchez Productions-Good Universe,0,0,94,Released,2018,67,39,18181.0,5.2,1
614,Viper Club,Thriller-Drama,en,Marakesh Films-CounterNarrative Films,0,0,109,Released,2018,38,45,616.0,5.7,0
615,Aftermath,Drama-Romance,en,Synergy Studios,0,0,85,Released,2018,83,80,,,5
616,Sleeper,Thriller-TV Movie,en,Incendo Productions,0,0,90,Released,2018,100,81,,,6
617,Anne,Horror,en,Mazz Appeal Films,0,0,80,Released,2018,30,38,926.0,2.6,0
618,The Kissing Booth,Romance-Comedy,en,Komixx Entertainment,0,0,105,Released,2018,15,55,86841.0,5.9,0
619,The Year of Spectacular Men,Drama-Comedy-Romance,en,Parkside Pictures-Tadross Media Group-Almost Never Films,0,0,102,Released,2018,65,59,11975.0,5.2,1
620,Like Me,Crime-Drama,en,Glass Eye Pix-Dogfish Pictures-Go Infect Films,0,0,80,Released,2018,69,51,649.0,5.6,1
621,Gwen,Drama-Mystery-Horror-History,en,BFI-Ffilm Cymru Wales-Endor Productions-Great Point Media,0,0,84,Released,2018,71,75,5571.0,5.7,4
622,Becks,Drama-Music-Romance,en,Irony Point,0,0,91,Released,2018,95,88,292.0,7.6,8
623,Blood Paradise,Comedy-Horror-Mystery,en,Von Barkenberg Productions,0,0,82,Released,2018,40,40,219.0,4.2,0
624,Greta,Mystery-Thriller-Horror,en,Sidney Kimmel Entertainment-Screen Ireland-Lawrence Bender Productions-Showbox-Starlight International Media-Little Wave Productions-Focus Features,0,0,98,Released,2018,79,36,35265.0,6.0,3
625,Ghostland,Horror-Mystery-Thriller,en,Mars Films-Highwire Pictures-Inferno Pictures-Logical Pictures-5656 Films,0,0,91,Released,2018,25,80,34879.0,6.4,4
626,The Swerve,Thriller-Drama-Horror,en,Spark Chamber,0,0,96,Released,2018,96,62,1530.0,6.6,5
627,Candy Land,Horror-Thriller,en,Roxwell Films,0,0,93,Released,2023,77,58,,,2
628,True Spirit,Adventure-Drama-Family,en,Sunstar Entertainment-Martin Chase Productions-Resonate Entertainment,0,0,109,Released,2023,79,72,6101.0,6.8,5
629,Somebody I Used to Know,Romance-Comedy-Drama,en,Big Indie Pictures-Temple Hill Entertainment-Amazon Studios-Black Bear Pictures,0,0,106,Released,2023,73,62,5507.0,5.7,3
630,Palm Trees and Power Lines,Drama,en,Neon Heart Productions-Fiesta Island Films,0,0,114,Released,2023,90,79,1046.0,6.5,6
631,Jethica,Comedy-Drama-Fantasy-Horror,en,Spartan Media Acquisitions,0,0,72,Released,2023,91,83,6101.0,6.8,7
632,When You Finish Saving The World,Drama-Comedy,en,Fruit Tree-CAA Media Finance,0,0,88,Released,2023,63,73,2555.0,5.6,3
633,Consecration,Horror-Thriller,en,Bigscope Films-AGC Studios-Moonriver Content,0,0,90,Released,2023,42,32,991.0,5.1,0
634,Enola Holmes 2,Mystery-Adventure-Comedy-Crime,en,Legendary Pictures-PCMA Productions,0,0,129,Released,2022,94,78,82588.0,6.7,6
635,Blaze,Drama-Fantasy-Crime,en,Screen Australia-Screen NSW-Spectrum Films-Causeway Films-WeirAnderson.com-Fin Design & Effects,0,0,101,Released,2022,73,49,653.0,6.0,3
636,Disenchanted,Comedy-Family-Fantasy,en,Walt Disney Pictures-Josephson Entertainment-Right Coast,0,0,120,Released,2022,100,42,22052.0,5.6,4
637,The School for Good and Evil,Fantasy-Action-Drama,en,Feigco Entertainment,0,0,146,Released,2022,37,66,30110.0,5.8,1
638,Women Talking,Drama,en,Metro-Goldwyn-Mayer-Orion Pictures-Plan B Entertainment-Hear/Say Productions,0,0,104,Released,2022,90,80,25875.0,7.0,8
639,The Noel Diary,Romance-Comedy-Drama,en,Johnson Production Group-Off Camera Entertainment,0,0,99,Released,2022,69,49,15746.0,6.1,2
640,Luck,Animation-Adventure-Comedy-Fantasy,en,Skydance Animation-Skydance Animation East-Skydance Animation,0,0,105,Released,2022,43,38,,,0
641,The Lair,Action-Horror,en,Ingenious Media-Scarlet Productions-Highland Film Group-Rather Good Films-Ashland Hill Media Finance,0,0,93,Released,2022,33,38,3186.0,4.5,0
642,Darby and the Dead,Comedy-Fantasy,en,Footprint Features-20th Century Studios,0,0,100,Released,2022,54,74,1235.0,5.6,2
643,Emily the Criminal,Crime-Drama-Thriller,en,Low Spark Films-Evil Hag Productions,0,0,97,Released,2022,94,79,38860.0,6.7,6
644,Bodies Bodies Bodies,Comedy-Horror-Mystery,en,A24-2AM,0,13905020,94,Released,2022,86,69,44300.0,6.2,5
645,Brut Force,Mystery-Thriller-Crime,en,XYZ Films,0,0,93,Released,2022,100,95,4131.0,5.0,7
646,After Ever Happy,Romance-Drama,en,Voltage Pictures-Vertical Entertainment-CalMaple Films-Wattpad-Ethea Entertainment,0,12467270,95,Released,2022,0,92,7055.0,4.5,4
647,The Weekend Away,Thriller-Mystery,en,42,0,0,90,Released,2022,41,35,26494.0,5.6,0
